1204, To Be or Not to Be (1942), 4
1195, Strawberry and Chocolate (Fresa y chocolate) (1993), 4
1144, "Quiet Room, The (1996)", 4
1143, Hard Eight (1996), 4
1132, Feeling Minnesota (1996), 4
1040, Two if by Sea (1996), 4
1008, I Shot Andy Warhol (1996), 4
967, Little Lord Fauntleroy (1936), 4
964, "Month by the Lake, A (1995)", 4
924, White Squall (1996), 4
710, Better Off Dead... (1985), 4
695, Kicking and Screaming (1995), 4
662, Somewhere in Time (1980), 4
660, Fried Green Tomatoes (1991), 4
658, Pump Up the Volume (1990), 4
657, "Manchurian Candidate, The (1962)", 4
655, Stand by Me (1986), 4
652, Rosencrantz and Guildenstern Are Dead (1990), 4
649, Once Upon a Time in America (1984), 4
648, "Quiet Man, The (1952)", 4
642, "Grifters, The (1990)", 4
634, Microcosmos: Le peuple de l'herbe (1996), 4
616, Night of the Living Dead (1968), 4
614, Giant (1956), 4
612, Lost Horizon (1937), 4
607, Rebecca (1940), 4
605, Meet Me in St. Louis (1944), 4
604, It Happened One Night (1934), 4
602, "American in Paris, An (1951)", 4
590, Hellraiser: Bloodline (1996), 4
531, Shine (1996), 4
529, My Life as a Dog (Mitt liv som hund) (1985), 4
528, "Killing Fields, The (1984)", 4
526, Ben-Hur (1959), 4
525, "Big Sleep, The (1946)", 4
521, "Deer Hunter, The (1978)", 4
520, "Great Escape, The (1963)", 4
516, Local Hero (1983), 4
514, Annie Hall (1977), 4
513, "Third Man, The (1949)", 4
512, Wings of Desire (1987), 4
506, Rebel Without a Cause (1955), 4
499, Cat on a Hot Tin Roof (1958), 4
497, Bringing Up Baby (1938), 4
495, Around the World in 80 Days (1956), 4
494, His Girl Friday (1940), 4
491, "Adventures of Robin Hood, The (1938)", 4
490, To Catch a Thief (1955), 4
489, Notorious (1946), 4
488, Sunset Blvd. (1950), 4
485, My Fair Lady (1964), 4
484, "Maltese Falcon, The (1941)", 4
481, "Apartment, The (1960)", 4
480, North by Northwest (1959), 4
479, Vertigo (1958), 4
475, Trainspotting (1996), 4
428, Harold and Maude (1971), 4
409, Jack (1996), 4
358, Spawn (1997), 4
321, Mother (1996), 4
319, Everyone Says I Love You (1996), 4
317, In the Name of the Father (1993), 4
316, As Good As It Gets (1997), 4
314, 3 Ninjas: High Noon At Mega Mountain (1998), 4
303, Ulee's Gold (1997), 4
286, "English Patient, The (1996)", 4
276, Leaving Las Vegas (1995), 4
273, Heat (1995), 4
252, "Lost World: Jurassic Park, The (1997)", 4
224, Ridicule (1996), 4
200, "Shining, The (1980)", 4
198, Nikita (La Femme Nikita) (1990), 4
195, "Terminator, The (1984)", 4
193, "Right Stuff, The (1983)", 4
192, Raging Bull (1980), 4
191, Amadeus (1984), 4
190, Henry V (1989), 4
188, Full Metal Jacket (1987), 4
186, "Blues Brothers, The (1980)", 4
184, Army of Darkness (1993), 4
182, GoodFellas (1990), 4
181, Return of the Jedi (1983), 4
179, "Clockwork Orange, A (1971)", 4
175, Brazil (1985), 4
174, Raiders of the Lost Ark (1981), 4
173, "Princess Bride, The (1987)", 4
171, Delicatessen (1991), 4
170, Cinema Paradiso (1988), 4
169, "Wrong Trousers, The (1993)", 4
167, Private Benjamin (1980), 4
166, Manon of the Spring (Manon des sources) (1986), 4
137, Big Night (1996), 4
135, 2001: A Space Odyssey (1968), 4
133, Gone with the Wind (1939), 4
128, Supercop (1992), 4
125, Phenomenon (1996), 4
115, "Haunted World of Edward D. Wood Jr., The (1995)", 4
101, Heavy Metal (1981), 4
99, Snow White and the Seven Dwarfs (1937), 4
97, Dances with Wolves (1990), 4
90, So I Married an Axe Murderer (1993), 4
84, Robert A. Heinlein's The Puppet Masters (1994), 4
80, Hot Shots! Part Deux (1993), 4
65, What's Eating Gilbert Grape (1993), 4
61, Three Colors: White (1994), 4
60, Three Colors: Blue (1993), 4
57, Priest (1994), 4
51, Legends of the Fall (1994), 4
49, I.Q. (1994), 4
46, Exotica (1994), 4
24, Rumble in the Bronx (1995), 4
23, Taxi Driver (1976), 4
13, Mighty Aphrodite (1995), 4
1519, New Jersey Drive (1995), 3
1484, "Jerky Boys, The (1994)", 3
1470, Gumby: The Movie (1995), 3
1452, Lady of Burlesque (1943), 3
1447, Century (1993), 3
1429, Sliding Doors (1998), 3
1422, Suture (1993), 3
1405, Boy's Life 2 (1997), 3
1402, "Ciao, Professore! (1993)", 3
1316, "Horse Whisperer, The (1998)", 3
1314, Surviving the Game (1994), 3
1297, Love Affair (1994), 3
1287, Ed (1996), 3
1286, Shall We Dance? (1937), 3
1282, "Grass Harp, The (1995)", 3
1279, Wild America (1997), 3
1278, Selena (1997), 3
1268, Bitter Moon (1992), 3
1267, Clockers (1995), 3
1266, Bread and Chocolate (Pane e cioccolata) (1973), 3
1249, For Love or Money (1993), 3
1246, Bushwhacked (1995), 3
1241, "Van, The (1996)", 3
1227, "Awfully Big Adventure, An (1995)", 3
1222, Judgment Night (1993), 3
1221, When a Man Loves a Woman (1994), 3
1219, "Goofy Movie, A (1995)", 3
1212, Flesh and Bone (1993), 3
1205, "Secret Agent, The (1996)", 3
1198, Purple Noon (1960), 3
1196, "Savage Nights (Nuits fauves, Les) (1992)", 3
1193, Before the Rain (Pred dozhdot) (1994), 3
1191, "Letter From Death Row, A (1998)", 3
1188, Young Guns II (1990), 3
1177, Dunston Checks In (1996), 3
1173, Bliss (1997), 3
1172, "Women, The (1939)", 3
1171, Wild Reeds (1994), 3
1169, Fresh (1994), 3
1168, Little Buddha (1993), 3
1167, "Sum of Us, The (1994)", 3
1161, Palookaville (1996), 3
1160, Love! Valour! Compassion! (1997), 3
1155, "Rendezvous in Paris (Rendez-vous de Paris, Les) (1995)", 3
1154, Alphaville (1965), 3
1153, Backbeat (1993), 3
1150, Last Dance (1996), 3
1148, Tom & Viv (1994), 3
1138, Best Men (1997), 3
1137, Beautiful Thing (1996), 3
1135, "Doors, The (1991)", 3
1130, Jupiter's Wife (1994), 3
1127, "Truman Show, The (1998)", 3
1125, "Innocents, The (1961)", 3
1122, They Made Me a Criminal (1939), 3
1121, "Umbrellas of Cherbourg, The (Parapluies de Cherbourg, Les) (1964)", 3
1120, I'm Not Rappaport (1996), 3
1119, Some Kind of Wonderful (1987), 3
1118, Up in Smoke (1978), 3
1117, Surviving Picasso (1996), 3
1116, "Mark of Zorro, The (1940)", 3
1114, Faithful (1996), 3
1110, Tank Girl (1995), 3
1108, Feast of July (1995), 3
1104, C'est arriv? pr?s de chez vous (1992), 3
1102, Two Much (1996), 3
1100, What Happened Was... (1994), 3
1099, "Red Firecracker, Green Firecracker (1994)", 3
1098, Flirting With Disaster (1996), 3
1094, "Thin Line Between Love and Hate, A (1996)", 3
1087, Bloodsport 2 (1995), 3
1086, It's My Party (1995), 3
1085, Carried Away (1996), 3
1074, Reality Bites (1994), 3
1071, Party Girl (1995), 3
1070, Living in Oblivion (1995), 3
1069, Amateur (1994), 3
1068, "Star Maker, The (Uomo delle stelle, L') (1995)", 3
1067, Bottle Rocket (1996), 3
1066, Balto (1995), 3
1064, Crossfire (1947), 3
1063, "Little Princess, A (1995)", 3
1061, "Evening Star, The (1996)", 3
1059, Don't Be a Menace to South Central While Drinking Your Juice in the Hood (1996), 3
1054, Mr. Wrong (1996), 3
1052, Dracula: Dead and Loving It (1995), 3
1051, "Associate, The (1996)", 3
1049, House Arrest (1996), 3
1047, Multiplicity (1996), 3
1046, Malice (1993), 3
1045, Fearless (1993), 3
1043, Rent-a-Kid (1995), 3
1042, Just Cause (1995), 3
1036, Drop Dead Fred (1991), 3
1029, Jury Duty (1995), 3
1025, Fire Down Below (1997), 3
1023, Fathers' Day (1997), 3
1022, "Fast, Cheap & Out of Control (1997)", 3
1021, 8 1/2 (1963), 3
1020, Gaslight (1944), 3
1019, "Die xue shuang xiong (Killer, The) (1989)", 3
1018, Tie Me Up! Tie Me Down! (1990), 3
1017, Trees Lounge (1996), 3
1015, Shiloh (1997), 3
1013, Anaconda (1997), 3
1012, Private Parts (1997), 3
1011, 2 Days in the Valley (1996), 3
1010, Basquiat (1996), 3
1009, Stealing Beauty (1996), 3
1006, Until the End of the World (Bis ans Ende der Welt) (1991), 3
996, "Big Green, The (1995)", 3
994, "Last Time I Committed Suicide, The (1997)", 3
991, Keys to Tulsa (1997), 3
981, Dangerous Ground (1997), 3
980, Mother Night (1996), 3
976, Solo (1996), 3
975, Fear (1996), 3
973, Grateful Dead (1995), 3
972, Passion Fish (1992), 3
970, Hear My Song (1991), 3
969, Winnie the Pooh and the Blustery Day (1968), 3
968, "Inspector General, The (1949)", 3
966, "Affair to Remember, An (1957)", 3
963, Some Folks Call It a Sling Blade (1993), 3
962, Ruby in Paradise (1993), 3
961, Orlando (1993), 3
960, Naked (1993), 3
959, Dazed and Confused (1993), 3
957, Pushing Hands (1992), 3
956, Nobody's Fool (1994), 3
955, Before Sunrise (1995), 3
954, Unzipped (1995), 3
953, Unstrung Heroes (1995), 3
950, Georgia (1995), 3
948, Booty Call (1997), 3
947, "Big Blue, The (Grand bleu, Le) (1988)", 3
946, "Fox and the Hound, The (1981)", 3
945, Charade (1963), 3
944, Renaissance Man (1994), 3
943, Killing Zoe (1994), 3
942, What's Love Got to Do with It (1993), 3
940, Airheads (1994), 3
938, "Smile Like Yours, A (1997)", 3
937, "Thousand Acres, A (1997)", 3
929, Harriet the Spy (1996), 3
926, Down Periscope (1996), 3
925, Unforgettable (1996), 3
923, Raise the Red Lantern (1991), 3
922, Dead Man (1995), 3
920, Two Bits (1995), 3
917, Mercury Rising (1998), 3
916, Lost in Space (1998), 3
910, Nil By Mouth (1997), 3
907, Vermin (1998), 3
906, Oscar & Lucinda (1997), 3
905, Great Expectations (1998), 3
904, Ma vie en rose (My Life in Pink) (1997), 3
903, Afterglow (1997), 3
901, Mr. Magoo (1997), 3
899, "Winter Guest, The (1997)", 3
897, Time Tracers (1995), 3
896, "Sweet Hereafter, The (1997)", 3
890, Mortal Kombat: Annihilation (1997), 3
889, "Tango Lesson, The (1997)", 3
888, One Night Stand (1997), 3
887, Eve's Bayou (1997), 3
884, Year of the Horse (1997), 3
883, Telling Lies in America (1997), 3
881, Money Talks (1997), 3
880, Soul Food (1997), 3
875, She's So Lovely (1997), 3
873, Picture Perfect (1997), 3
870, Touch (1997), 3
867, "Whole Wide World, The (1996)", 3
866, Michael (1996), 3
865, "Ice Storm, The (1997)", 3
864, My Fellow Americans (1996), 3
857, Paris Was a Woman (1995), 3
856, Night on Earth (1991), 3
855, Diva (1981), 3
854, Bad Taste (1987), 3
848, "Murder, My Sweet (1944)", 3
847, Looking for Richard (1996), 3
846, To Gillian on Her 37th Birthday (1996), 3
845, That Thing You Do! (1996), 3
844, Freeway (1996), 3
843, "Shaggy Dog, The (1959)", 3
838, In the Line of Duty 2 (1987), 3
837, Meet John Doe (1941), 3
836, Ninotchka (1939), 3
834, Halloween: The Curse of Michael Myers (1995), 3
826, "Phantom, The (1996)", 3
822, Faces (1968), 3
816, Candyman: Farewell to the Flesh (1995), 3
814, "Great Day in Harlem, A (1994)", 3
813, "Celluloid Closet, The (1995)", 3
812, Andre (1994), 3
807, Poetic Justice (1993), 3
806, Menace II Society (1993), 3
798, Bad Company (1995), 3
797, Timecop (1994), 3
795, Richie Rich (1994), 3
793, Crooklyn (1994), 3
790, Tommy Boy (1995), 3
788, Relative Fear (1994), 3
786, "Perez Family, The (1995)", 3
782, Little Odessa (1994), 3
781, French Kiss (1995), 3
779, Drop Zone (1994), 3
773, Mute Witness (1994), 3
771, Johnny Mnemonic (1995), 3
769, Congo (1995), 3
764, If Lucy Fell (1996), 3
763, Happy Gilmore (1996), 3
762, Beautiful Girls (1996), 3
756, Father of the Bride Part II (1995), 3
755, Jumanji (1995), 3
754, Red Corner (1997), 3
753, Burnt By the Sun (1994), 3
752, "Replacement Killers, The (1998)", 3
751, Tomorrow Never Dies (1997), 3
750, Amistad (1997), 3
749, "MatchMaker, The (1997)", 3
748, "Saint, The (1997)", 3
747, Benny & Joon (1993), 3
746, Real Genius (1985), 3
745, "Ruling Class, The (1972)", 3
743, "Crow: City of Angels, The (1996)", 3
742, Ransom (1996), 3
741, "Last Supper, The (1995)", 3
740, Jane Eyre (1996), 3
737, Sirens (1994), 3
736, Shadowlands (1993), 3
734, Made in America (1993), 3
733, Go Fish (1994), 3
732, Dave (1993), 3
731, "Corrina, Corrina (1994)", 3
730, "Queen Margot (Reine Margot, La) (1994)", 3
729, Nell (1994), 3
728, Junior (1994), 3
725, Exit to Eden (1994), 3
724, Circle of Friends (1995), 3
722, Nine Months (1995), 3
721, Mallrats (1995), 3
719, Canadian Bacon (1994), 3
717, "Juror, The (1996)", 3
716, Home for the Holidays (1995), 3
715, To Die For (1995), 3
714, Carrington (1995), 3
713, Othello (1995), 3
711, "Substance of Fire, The (1996)", 3
709, Strictly Ballroom (1992), 3
708, "Sex, Lies, and Videotape (1989)", 3
706, Bad Moon (1996), 3
705, Singin' in the Rain (1952), 3
704, "House of the Spirits, The (1993)", 3
703, Widows' Peak (1994), 3
700, Miami Rhapsody (1995), 3
698, "Browning Version, The (1994)", 3
697, "Basketball Diaries, The (1995)", 3
694, Persuasion (1995), 3
693, Casino (1995), 3
692, "American President, The (1995)", 3
691, Dark City (1998), 3
690, Seven Years in Tibet (1997), 3
687, McHale's Navy (1997), 3
686, "Perfect World, A (1993)", 3
685, Executive Decision (1996), 3
683, Rocket Man (1997), 3
680, Kull the Conqueror (1997), 3
677, Fire on the Mountain (1996), 3
676, "Crucible, The (1996)", 3
674, Cat People (1982), 3
672, Candyman (1992), 3
665, Alien 3 (1992), 3
664, "Paris, Texas (1984)", 3
663, Being There (1979), 3
661, High Noon (1952), 3
659, Arsenic and Old Lace (1944), 3
656, M (1931), 3
654, Chinatown (1974), 3
653, Touch of Evil (1958), 3
651, Glory (1989), 3
650, "Seventh Seal, The (Sjunde inseglet, Det) (1957)", 3
647, Ran (1985), 3
646, Once Upon a Time in the West (1969), 3
645, Paris Is Burning (1990), 3
643, The Innocent (1994), 3
641, Paths of Glory (1957), 3
640, "Cook the Thief His Wife & Her Lover, The (1989)", 3
639, "Tin Drum, The (Blechtrommel, Die) (1979)", 3
638, "Return of Martin Guerre, The (Retour de Martin Guerre, Le) (1982)", 3
637, "Howling, The (1981)", 3
635, "Fog, The (1980)", 3
633, "Christmas Carol, A (1938)", 3
632, Sophie's Choice (1982), 3
631, "Crying Game, The (1992)", 3
630, "Great Race, The (1965)", 3
629, Victor/Victoria (1982), 3
628, Sleepers (1996), 3
626, So Dear to My Heart (1949), 3
625, "Sword in the Stone, The (1963)", 3
623, Angels in the Outfield (1994), 3
621, "Davy Crockett, King of the Wild Frontier (1955)", 3
620, "Chamber, The (1996)", 3
619, Extreme Measures (1996), 3
618, Picnic (1955), 3
617, "Blue Angel, The (Blaue Engel, Der) (1930)", 3
615, "39 Steps, The (1935)", 3
613, My Man Godfrey (1936), 3
611, Laura (1944), 3
610, Gigi (1958), 3
609, Father of the Bride (1950), 3
608, Spellbound (1945), 3
606, All About Eve (1950), 3
603, Rear Window (1954), 3
598, "Big Squeeze, The (1996)", 3
597, Eraser (1996), 3
596, "Hunchback of Notre Dame, The (1996)", 3
594, Heavy (1995), 3
592, True Crime (1995), 3
589, "Wild Bunch, The (1969)", 3
588, Beauty and the Beast (1991), 3
585, Son in Law (1993), 3
584, "Secret Garden, The (1993)", 3
583, Romeo Is Bleeding (1993), 3
582, "Piano, The (1993)", 3
581, Kalifornia (1993), 3
579, Fatal Instinct (1993), 3
577, Coneheads (1993), 3
571, Another Stakeout (1993), 3
569, Wolf (1994), 3
567, Wes Craven's New Nightmare (1994), 3
563, Stephen King's The Langoliers (1995), 3
562, "Quick and the Dead, The (1995)", 3
560, "Kid in King Arthur's Court, A (1995)", 3
559, Interview with the Vampire (1994), 3
558, Heavenly Creatures (1994), 3
554, Waterworld (1995), 3
551, Lord of Illusions (1995), 3
550, Die Hard: With a Vengeance (1995), 3
548, "NeverEnding Story III, The (1994)", 3
547, "Young Poisoner's Handbook, The (1995)", 3
545, Vampire in Brooklyn (1995), 3
544, Things to Do in Denver when You're Dead (1995), 3
539, Mouse Hunt (1997), 3
538, Anastasia (1997), 3
536, Ponette (1996), 3
535, Addicted to Love (1997), 3
534, Traveller (1997), 3
533, "Daytrippers, The (1996)", 3
532, Kama Sutra: A Tale of Love (1996), 3
530, "Man Who Would Be King, The (1975)", 3
527, Gandhi (1982), 3
524, "Great Dictator, The (1940)", 3
523, Cool Hand Luke (1967), 3
522, Down by Law (1986), 3
519, "Treasure of the Sierra Madre, The (1948)", 3
518, Miller's Crossing (1990), 3
517, Manhattan (1979), 3
515, "Boot, Das (1981)", 3
511, Lawrence of Arabia (1962), 3
510, "Magnificent Seven, The (1954)", 3
509, My Left Foot (1989), 3
508, "People vs. Larry Flynt, The (1996)", 3
507, "Streetcar Named Desire, A (1951)", 3
505, Dial M for Murder (1954), 3
504, Bonnie and Clyde (1967), 3
503, "Candidate, The (1972)", 3
502, Bananas (1971), 3
501, Dumbo (1941), 3
500, Fly Away Home (1996), 3
498, "African Queen, The (1951)", 3
496, It's a Wonderful Life (1946), 3
493, "Thin Man, The (1934)", 3
492, East of Eden (1955), 3
487, Roman Holiday (1953), 3
486, Sabrina (1954), 3
483, Casablanca (1942), 3
482, Some Like It Hot (1959), 3
478, "Philadelphia Story, The (1940)", 3
477, Matilda (1996), 3
476, "First Wives Club, The (1996)", 3
474, Dr. Strangelove or: How I Learned to Stop Worrying and Love the Bomb (1963), 3
473, James and the Giant Peach (1996), 3
472, Dragonheart (1996), 3
471, Courage Under Fire (1996), 3
470, Tombstone (1993), 3
469, Short Cuts (1993), 3
468, Rudy (1993), 3
467, "Bronx Tale, A (1993)", 3
466, Red Rock West (1992), 3
465, "Jungle Book, The (1994)", 3
464, Vanya on 42nd Street (1994), 3
463, "Secret of Roan Inish, The (1994)", 3
462, Like Water For Chocolate (Como agua para chocolate) (1992), 3
461, Smoke (1995), 3
460, "Crossing Guard, The (1995)", 3
459, "Cry, the Beloved Country (1995)", 3
456, Beverly Hills Ninja (1997), 3
452, Jaws 2 (1978), 3
450, Star Trek V: The Final Frontier (1989), 3
449, Star Trek: The Motion Picture (1979), 3
448, "Omen, The (1976)", 3
446, Burnt Offerings (1976), 3
444, "Blob, The (1958)", 3
437, Amityville 1992: It's About Time (1992), 3
436, "American Werewolf in London, An (1981)", 3
435, Butch Cassidy and the Sundance Kid (1969), 3
434, Forbidden Planet (1956), 3
433, Heathers (1989), 3
432, Fantasia (1940), 3
431, Highlander (1986), 3
430, Duck Soup (1933), 3
429, "Day the Earth Stood Still, The (1951)", 3
426, "Transformers: The Movie, The (1986)", 3
424, Children of the Corn: The Gathering (1996), 3
422, Aladdin and the King of Thieves (1996), 3
421, William Shakespeare's Romeo and Juliet (1996), 3
420, Alice in Wonderland (1951), 3
419, Mary Poppins (1964), 3
418, Cinderella (1950), 3
417, "Parent Trap, The (1961)", 3
415, "Apple Dumpling Gang, The (1975)", 3
411, "Nutty Professor, The (1996)", 3
410, Kingpin (1996), 3
406, Thinner (1996), 3
405, Mission: Impossible (1996), 3
404, Pinocchio (1940), 3
403, Batman (1989), 3
400, "Little Rascals, The (1994)", 3
395, Robin Hood: Men in Tights (1993), 3
394, Radioland Murders (1994), 3
393, Mrs. Doubtfire (1993), 3
390, Fear of a Black Hat (1993), 3
388, Beverly Hills Cop III (1994), 3
386, Addams Family Values (1993), 3
383, "Flintstones, The (1994)", 3
382, "Adventures of Priscilla, Queen of the Desert, The (1994)", 3
381, Muriel's Wedding (1994), 3
379, Tales From the Crypt Presents: Demon Knight (1995), 3
373, Judge Dredd (1995), 3
372, Jeffrey (1995), 3
368, Bio-Dome (1996), 3
367, Clueless (1995), 3
366, Dangerous Minds (1995), 3
360, Wonderland (1997), 3
357, One Flew Over the Cuckoo's Nest (1975), 3
355, Sphere (1998), 3
351, "Prophecy II, The (1998)", 3
349, Hard Rain (1998), 3
348, Desperate Measures (1998), 3
347, Wag the Dog (1997), 3
346, Jackie Brown (1997), 3
345, Deconstructing Harry (1997), 3
344, "Apostle, The (1997)", 3
342, "Man Who Knew Too Little, The (1997)", 3
341, Critical Care (1997), 3
340, Boogie Nights (1997), 3
338, Bean (1997), 3
335, How to Be a Player (1997), 3
334, U Turn (1997), 3
333, "Game, The (1997)", 3
332, Kiss the Girls (1997), 3
331, "Edge, The (1997)", 3
329, Desperate Measures (1998), 3
328, Conspiracy Theory (1997), 3
327, Cop Land (1997), 3
325, Crash (1996), 3
323, Dante's Peak (1997), 3
322, Murder at 1600 (1997), 3
320, Paradise Lost: The Child Murders at Robin Hood Hills (1996), 3
318, Schindler's List (1993), 3
313, Titanic (1997), 3
312, Midnight in the Garden of Good and Evil (1997), 3
311, "Wings of the Dove, The (1997)", 3
308, FairyTale: A True Story (1997), 3
307, "Devil's Advocate, The (1997)", 3
302, L.A. Confidential (1997), 3
301, In & Out (1997), 3
299, Hoodlum (1997), 3
298, Face/Off (1997), 3
296, "Promesse, La (1996)", 3
295, Breakdown (1997), 3
294, Liar Liar (1997), 3
293, Donnie Brasco (1997), 3
292, Rosewood (1997), 3
291, Absolute Power (1997), 3
289, Evita (1996), 3
288, Scream (1996), 3
287, Marvin's Room (1996), 3
285, Secrets & Lies (1996), 3
284, Tin Cup (1996), 3
283, Emma (1996), 3
282, "Time to Kill, A (1996)", 3
281, "River Wild, The (1994)", 3
280, Up Close and Personal (1996), 3
279, Once Upon a Time... When We Were Colored (1995), 3
278, Bed of Roses (1996), 3
277, Restoration (1995), 3
275, Sense and Sensibility (1995), 3
274, Sabrina (1995), 3
272, Good Will Hunting (1997), 3
271, Starship Troopers (1997), 3
270, Gattaca (1997), 3
266, Kull the Conqueror (1997), 3
263, Steel (1997), 3
259, George of the Jungle (1997), 3
258, Contact (1997), 3
257, Men in Black (1997), 3
256, When the Cats Away (Chacun cherche son chat) (1996), 3
254, Batman & Robin (1997), 3
251, Shall We Dance? (1996), 3
250, "Fifth Element, The (1997)", 3
249, Austin Powers: International Man of Mystery (1997), 3
247, Turbo: A Power Rangers Movie (1997), 3
246, Chasing Amy (1997), 3
245, "Devil's Own, The (1997)", 3
243, Jungle2Jungle (1997), 3
242, Kolya (1996), 3
240, Beavis and Butt-head Do America (1996), 3
239, Sneakers (1992), 3
238, Raising Arizona (1987), 3
237, Jerry Maguire (1996), 3
235, Mars Attacks! (1996), 3
234, Jaws (1975), 3
233, Under Siege (1992), 3
231, Batman Returns (1992), 3
230, Star Trek IV: The Voyage Home (1986), 3
229, Star Trek III: The Search for Spock (1984), 3
228, Star Trek: The Wrath of Khan (1982), 3
227, Star Trek VI: The Undiscovered Country (1991), 3
225, 101 Dalmatians (1996), 3
223, Sling Blade (1996), 3
222, Star Trek: First Contact (1996), 3
221, Breaking the Waves (1996), 3
220, "Mirror Has Two Faces, The (1996)", 3
219, "Nightmare on Elm Street, A (1984)", 3
218, Cape Fear (1991), 3
217, Bram Stoker's Dracula (1992), 3
216, When Harry Met Sally... (1989), 3
215, Field of Dreams (1989), 3
214, Pink Floyd - The Wall (1982), 3
213, "Room with a View, A (1986)", 3
212, "Unbearable Lightness of Being, The (1988)", 3
211, M*A*S*H (1970), 3
210, Indiana Jones and the Last Crusade (1989), 3
209, This Is Spinal Tap (1984), 3
208, Young Frankenstein (1974), 3
207, Cyrano de Bergerac (1990), 3
206, Akira (1988), 3
205, Patton (1970), 3
204, Back to the Future (1985), 3
203, Unforgiven (1992), 3
202, Groundhog Day (1993), 3
201, Evil Dead II (1987), 3
199, "Bridge on the River Kwai, The (1957)", 3
197, "Graduate, The (1967)", 3
196, Dead Poets Society (1989), 3
194, "Sting, The (1973)", 3
189, "Grand Day Out, A (1992)", 3
187, "Godfather: Part II, The (1974)", 3
185, Psycho (1960), 3
183, Alien (1979), 3
180, Apocalypse Now (1979), 3
178, 12 Angry Men (1957), 3
177, "Good, The Bad and The Ugly, The (1966)", 3
176, Aliens (1986), 3
172, "Empire Strikes Back, The (1980)", 3
165, Jean de Florette (1986), 3
164, "Abyss, The (1989)", 3
163, "Return of the Pink Panther, The (1974)", 3
162, On Golden Pond (1981), 3
161, Top Gun (1986), 3
160, Glengarry Glen Ross (1992), 3
158, Weekend at Bernie's (1989), 3
157, Platoon (1986), 3
156, Reservoir Dogs (1992), 3
155, Dirty Dancing (1987), 3
154, Monty Python's Life of Brian (1979), 3
153, "Fish Called Wanda, A (1988)", 3
152, Sleeper (1973), 3
151, Willy Wonka and the Chocolate Factory (1971), 3
150, Swingers (1996), 3
149, Jude (1996), 3
148, "Ghost and the Darkness, The (1996)", 3
145, "Lawnmower Man, The (1992)", 3
144, Die Hard (1988), 3
143, "Sound of Music, The (1965)", 3
142, Bedknobs and Broomsticks (1971), 3
141, "20,000 Leagues Under the Sea (1954)", 3
138, D3: The Mighty Ducks (1996), 3
136, Mr. Smith Goes to Washington (1939), 3
134, Citizen Kane (1941), 3
132, "Wizard of Oz, The (1939)", 3
130, Kansas City (1996), 3
129, Bound (1996), 3
127, "Godfather, The (1972)", 3
126, "Spitfire Grill, The (1996)", 3
124, Lone Star (1996), 3
122, "Cable Guy, The (1996)", 3
119, Maya Lin: A Strong Clear Vision (1994), 3
118, Twister (1996), 3
117, "Rock, The (1996)", 3
116, Cold Comfort Farm (1995), 3
112, Flipper (1996), 3
110, Operation Dumbo Drop (1995), 3
109, Mystery Science Theater 3000: The Movie (1996), 3
108, Kids in the Hall: Brain Candy (1996), 3
103, All Dogs Go to Heaven 2 (1996), 3
102, "Aristocats, The (1970)", 3
100, Fargo (1996), 3
98, "Silence of the Lambs, The (1991)", 3
96, Terminator 2: Judgment Day (1991), 3
95, Aladdin (1992), 3
94, Home Alone (1990), 3
93, Welcome to the Dollhouse (1995), 3
92, True Romance (1993), 3
91, "Nightmare Before Christmas, The (1993)", 3
89, Blade Runner (1982), 3
88, Sleepless in Seattle (1993), 3
87, Searching for Bobby Fischer (1993), 3
86, "Remains of the Day, The (1993)", 3
85, "Ref, The (1994)", 3
83, Much Ado About Nothing (1993), 3
82, Jurassic Park (1993), 3
78, Free Willy (1993), 3
77, "Firm, The (1993)", 3
74, Faster Pussycat! Kill! Kill! (1965), 3
73, Maverick (1994), 3
72, "Mask, The (1994)", 3
71, "Lion King, The (1994)", 3
70, Four Weddings and a Funeral (1994), 3
69, Forrest Gump (1994), 3
68, "Crow, The (1994)", 3
67, Ace Ventura: Pet Detective (1994), 3
66, While You Were Sleeping (1995), 3
64, "Shawshank Redemption, The (1994)", 3
63, "Santa Clause, The (1994)", 3
62, Stargate (1994), 3
59, Three Colors: Red (1994), 3
58, Quiz Show (1994), 3
56, Pulp Fiction (1994), 3
55, "Professional, The (1994)", 3
53, Natural Born Killers (1994), 3
52, "Madness of King George, The (1994)", 3
50, Star Wars (1977), 3
48, Hoop Dreams (1994), 3
47, Ed Wood (1994), 3
45, Eat Drink Man Woman (1994), 3
44, Dolores Claiborne (1994), 3
43, Disclosure (1994), 3
42, Clerks (1994), 3
40, "To Wong Foo, Thanks for Everything! Julie Newmar (1995)", 3
39, Strange Days (1995), 3
34, "Doom Generation, The (1995)", 3
33, Desperado (1995), 3
32, Crumb (1994), 3
31, Crimson Tide (1995), 3
29, Batman Forever (1995), 3
28, Apollo 13 (1995), 3
27, Bad Boys (1995), 3
26, "Brothers McMullen, The (1995)", 3
25, "Birdcage, The (1996)", 3
21, Muppet Treasure Island (1996), 3
20, Angels and Insects (1995), 3
18, "White Balloon, The (1995)", 3
17, From Dusk Till Dawn (1996), 3
16, French Twist (Gazon maudit) (1995), 3
15, Mr. Holland's Opus (1995), 3
14, "Postino, Il (1994)", 3
12, "Usual Suspects, The (1995)", 3
11, Seven (Se7en) (1995), 3
10, Richard III (1995), 3
9, Dead Man Walking (1995), 3
8, Babe (1995), 3
7, Twelve Monkeys (1995), 3
6, Shanghai Triad (Yao a yao yao dao waipo qiao) (1995), 3
5, Copycat (1995), 3
4, Get Shorty (1995), 3
3, Four Rooms (1995), 3
2, GoldenEye (1995), 3
1607, Hurricane Streets (1998), 2
1481, S.F.W. (1994), 2
1479, Reckless (1995), 2
1445, Ladybird Ladybird (1994), 2
1420, Gilligan's Island: The Movie (1998), 2
1412, Land Before Time III: The Time of the Great Giving (1995) (V), 2
1408, Gordy (1995), 2
1336, Kazaam (1996), 2
1315, Inventing the Abbotts (1997), 2
1312, "Pompatus of Love, The (1996)", 2
1304, New York Cop (1996), 2
1298, "Band Wagon, The (1953)", 2
1292, "Simple Wish, A (1997)", 2
1285, Princess Caraboo (1994), 2
1284, Before and After (1996), 2
1281, Manny & Lo (1996), 2
1274, Robocop 3 (1993), 2
1264, Nothing to Lose (1994), 2
1259, Pie in the Sky (1995), 2
1250, Best of the Best 3: No Turning Back (1995), 2
1245, Gridlock'd (1997), 2
1240, Ghost in the Shell (Kokaku kidotai) (1995), 2
1233, N?nette et Boni (1996), 2
1232, Madonna: Truth or Dare (1991), 2
1230, Ready to Wear (Pret-A-Porter) (1994), 2
1229, Poison Ivy II (1995), 2
1226, Night Falls on Manhattan (1997), 2
1225, Angus (1995), 2
1223, King of the Hill (1993), 2
1220, Higher Learning (1995), 2
1218, Friday (1995), 2
1211, Blue Sky (1994), 2
1210, Virtuosity (1995), 2
1209, Mixed Nuts (1994), 2
1208, Kiss of Death (1995), 2
1207, Jade (1995), 2
1200, Kim (1950), 2
1189, Prefontaine (1997), 2
1186, "Inkwell, The (1994)", 2
1184, "Endless Summer 2, The (1994)", 2
1183, "Cowboy Way, The (1994)", 2
1179, Man of the House (1995), 2
1164, Zeus and Roxanne (1997), 2
1162, Phat Beach (1996), 2
1158, "Fille seule, La (A Single Girl) (1995)", 2
1141, "War Room, The (1993)", 2
1140, "Road to Wellville, The (1994)", 2
1136, Ghosts of Mississippi (1996), 2
1134, Get on the Bus (1996), 2
1133, Escape to Witch Mountain (1975), 2
1129, Chungking Express (1994), 2
1128, Heidi Fleiss: Hollywood Madam (1995) , 2
1113, Mrs. Parker and the Vicious Circle (1994), 2
1111, Double Happiness (1994), 2
1106, "Newton Boys, The (1998)", 2
1096, Commandments (1997), 2
1095, High School High (1996), 2
1093, Live Nude Girls (1995), 2
1092, Dear God (1996), 2
1091, Pete's Dragon (1977), 2
1090, Sliver (1993), 2
1089, Speed 2: Cruise Control (1997), 2
1080, Celestial Clockwork (1994), 2
1079, Joe's Apartment (1996), 2
1077, Love and a .45 (1994), 2
1075, "Man of No Importance, A (1994)", 2
1072, "Pyromaniac's Love Story, A (1995)", 2
1062, Four Days in September (1997), 2
1060, "Adventures of Pinocchio, The (1996)", 2
1058, "War, The (1994)", 2
1055, "Simple Twist of Fate, A (1994)", 2
1053, Now and Then (1995), 2
1050, "Ghost and Mrs. Muir, The (1947)", 2
1048, She's the One (1996), 2
1041, Forget Paris (1995), 2
1039, Hamlet (1996), 2
1038, Switchback (1997), 2
1037, Grease 2 (1982), 2
1035, Cool Runnings (1993), 2
1034, "Quest, The (1996)", 2
1033, Homeward Bound II: Lost in San Francisco (1996), 2
1031, Lassie (1994), 2
1030, "Beverly Hillbillies, The (1993)", 2
1026, "Lay of the Land, The (1997)", 2
1024, Mrs. Dalloway (1997), 2
1016, Con Air (1997), 2
1014, Romy and Michele's High School Reunion (1997), 2
1007, Waiting for Guffman (1996), 2
1004, Geronimo: An American Legend (1993), 2
1002, "Pest, The (1997)", 2
999, Clean Slate (1994), 2
998, Cabin Boy (1994), 2
997, Stuart Saves His Family (1995), 2
992, Head Above Water (1996), 2
990, Anna Karenina (1997), 2
989, Cats Don't Dance (1997), 2
987, Underworld (1997), 2
986, Turbulence (1997), 2
985, Blood & Wine (1997), 2
984, Shadow Conspiracy (1997), 2
983, "Rich Man's Wife, The (1996)", 2
979, "Trigger Effect, The (1996)", 2
978, Heaven's Prisoners (1996), 2
952, Blue in the Face (1995), 2
951, "Indian in the Cupboard, The (1995)", 2
949, How to Make an American Quilt (1995), 2
941, With Honors (1994), 2
939, Murder in the First (1995), 2
935, Paradise Road (1997), 2
934, "Preacher's Wife, The (1996)", 2
933, "Funeral, The (1996)", 2
932, First Kid (1996), 2
931, "Island of Dr. Moreau, The (1996)", 2
930, Chain Reaction (1996), 2
927, "Flower of My Secret, The (Flor de mi secreto, La) (1995)", 2
915, Primary Colors (1998), 2
909, Dangerous Beauty (1998), 2
894, Home Alone 3 (1997), 2
893, For Richer or Poorer (1997), 2
886, "Life Less Ordinary, A (1997)", 2
882, Washington Square (1997), 2
878, That Darn Cat! (1997), 2
876, Money Talks (1997), 2
874, Career Girls (1997), 2
872, Love Jones (1997), 2
863, "Garden of Finzi-Contini, The (Giardino dei Finzi-Contini, Il) (1970)", 2
861, Nosferatu a Venezia (1986), 2
860, "Believers, The (1987)", 2
850, "Perfect Candidate, A (1996)", 2
842, Pollyanna (1960), 2
841, "Glimmer Man, The (1996)", 2
835, "Gay Divorcee, The (1934)", 2
833, Bulletproof (1996), 2
832, Bogus (1996), 2
830, Power 98 (1995), 2
829, Fled (1996), 2
828, Alaska (1996), 2
827, Daylight (1996), 2
825, "Arrival, The (1996)", 2
824, "Great White Hype, The (1996)", 2
821, Mrs. Winterbourne (1996), 2
820, Space Jam (1996), 2
819, Eddie (1996), 2
817, Frisk (1995), 2
811, Thirty-Two Short Films About Glenn Gould (1993), 2
810, "Shadow, The (1994)", 2
809, Rising Sun (1993), 2
803, Heaven & Earth (1993), 2
802, Hard Target (1993), 2
801, "Air Up There, The (1994)", 2
796, Speechless (1994), 2
791, "Baby-Sitters Club, The (1995)", 2
787, Roommates (1995), 2
784, Beyond Bedlam (1993), 2
780, Dumb & Dumber (1994), 2
776, Three Wishes (1995), 2
775, Something to Talk About (1995), 2
774, "Prophecy, The (1995)", 2
772, Kids (1995), 2
770, Devil in a Blue Dress (1995), 2
768, Casper (1995), 2
766, Man of the Year (1995), 2
765, Boomerang (1992), 2
761, Nick of Time (1995), 2
760, Screamers (1995), 2
757, Across the Sea of Time (1995), 2
739, Pretty Woman (1990), 2
738, Threesome (1994), 2
735, Philadelphia (1993), 2
727, Immortal Beloved (1994), 2
726, Fluke (1995), 2
723, Boys on the Side (1995), 2
720, First Knight (1995), 2
718, In the Bleak Midwinter (1995), 2
701, "Wonderful, Horrible Life of Leni Riefenstahl, The (1993)", 2
696, City Hall (1996), 2
688, Leave It to Beaver (1997), 2
684, In the Line of Fire (1993), 2
682, I Know What You Did Last Summer (1997), 2
681, Wishmaster (1997), 2
679, Conan the Barbarian (1981), 2
675, "Nosferatu (Nosferatu, eine Symphonie des Grauens) (1922)", 2
673, Cape Fear (1962), 2
671, Bride of Frankenstein (1935), 2
668, Blood Beach (1981), 2
666, Blood For Dracula (Andy Warhol's Dracula) (1974), 2
636, Escape from New York (1981), 2
624, "Three Caballeros, The (1945)", 2
622, Swiss Family Robinson (1960), 2
591, Primal Fear (1996), 2
587, "Hour of the Pig, The (1993)", 2
586, Terminal Velocity (1994), 2
580, "Englishman Who Went Up a Hill, But Came Down a Mountain, The (1995)", 2
578, Demolition Man (1993), 2
576, Cliffhanger (1993), 2
575, City Slickers II: The Legend of Curly's Gold (1994), 2
573, Body Snatchers (1993), 2
572, Blown Away (1994), 2
570, Wyatt Earp (1994), 2
568, Speed (1994), 2
566, Clear and Present Danger (1994), 2
565, Village of the Damned (1995), 2
564, Tales from the Hood (1995), 2
561, Mary Shelley's Frankenstein (1994), 2
557, Farinelli: il castrato (1994), 2
555, White Man's Burden (1995), 2
553, "Walk in the Clouds, A (1995)", 2
552, Species (1995), 2
549, Rob Roy (1995), 2
543, "Mis?rables, Les (1995)", 2
542, Pocahontas (1995), 2
541, Mortal Kombat (1995), 2
540, Money Train (1995), 2
457, Free Willy 3: The Rescue (1997), 2
455, Jackie Chan's First Strike (1996), 2
453, Jaws 3-D (1983), 2
451, Grease (1978), 2
445, "Body Snatcher, The (1945)", 2
442, "Amityville Curse, The (1990)", 2
427, To Kill a Mockingbird (1962), 2
423, E.T. the Extra-Terrestrial (1982), 2
416, Old Yeller (1957), 2
414, My Favorite Year (1982), 2
413, Tales from the Crypt Presents: Bordello of Blood (1996), 2
412, "Very Brady Sequel, A (1996)", 2
408, "Close Shave, A (1995)", 2
407, Spy Hard (1996), 2
402, Ghost (1990), 2
401, "Brady Bunch Movie, The (1995)", 2
399, "Three Musketeers, The (1993)", 2
398, Super Mario Bros. (1993), 2
397, Striking Distance (1993), 2
396, Serial Mom (1994), 2
392, "Man Without a Face, The (1993)", 2
389, Black Beauty (1994), 2
387, "Age of Innocence, The (1993)", 2
385, True Lies (1994), 2
384, Naked Gun 33 1/3: The Final Insult (1994), 2
380, Star Trek: Generations (1994), 2
378, Miracle on 34th Street (1994), 2
377, Heavyweights (1994), 2
375, Showgirls (1995), 2
374, Mighty Morphin Power Rangers: The Movie (1995), 2
371, "Bridges of Madison County, The (1995)", 2
370, Mary Reilly (1996), 2
365, Powder (1995), 2
364, Ace Ventura: When Nature Calls (1995), 2
363, Sudden Death (1995), 2
359, "Assignment, The (1997)", 2
356, "Client, The (1994)", 2
354, "Wedding Singer, The (1998)", 2
353, Deep Rising (1998), 2
352, Spice World (1997), 2
350, Fallen (1998), 2
343, Alien: Resurrection (1997), 2
339, Mad City (1997), 2
337, "House of Yes, The (1997)", 2
336, Playing God (1997), 2
326, G.I. Jane (1997), 2
324, Lost Highway (1997), 2
309, Deceiver (1997), 2
300, Air Force One (1997), 2
290, Fierce Creatures (1997), 2
265, "Hunt for Red October, The (1990)", 2
264, Mimic (1997), 2
262, In the Company of Men (1997), 2
261, Air Bud (1997), 2
260, Event Horizon (1997), 2
255, My Best Friend's Wedding (1997), 2
253, "Pillow Book, The (1995)", 2
244, Smilla's Sense of Snow (1997), 2
241, "Last of the Mohicans, The (1992)", 2
236, Citizen Ruth (1996), 2
232, Young Guns (1988), 2
226, Die Hard 2 (1990), 2
168, Monty Python and the Holy Grail (1974), 2
159, Basic Instinct (1992), 2
146, Unhook the Stars (1996), 2
140, Homeward Bound: The Incredible Journey (1993), 2
139, "Love Bug, The (1969)", 2
131, Breakfast at Tiffany's (1961), 2
123, "Frighteners, The (1996)", 2
121, Independence Day (ID4) (1996), 2
113, "Horseman on the Roof, The (Hussard sur le toit, Le) (1995)", 2
111, "Truth About Cats & Dogs, The (1996)", 2
107, Moll Flanders (1996), 2
106, Diabolique (1996), 2
81, "Hudsucker Proxy, The (1994)", 2
79, "Fugitive, The (1993)", 2
54, Outbreak (1995), 2
41, Billy Madison (1995), 2
37, Nadja (1994), 2
36, Mad Love (1995), 2
30, Belle de jour (1967), 2
22, Braveheart (1995), 2
1275, Killer (Bulletproof Heart) (1994), 1
1255, Broken English (1996), 1
1231, Marked for Death (1990), 1
1216, Kissed (1996), 1
1166, Love & Human Remains (1993), 1
977, "Substitute, The (1996)", 1
902, "Big Lebowski, The (1998)", 1
895, Scream 2 (1997), 1
891, Bent (1997), 1
759, Fair Game (1995), 1
744, Michael Collins (1996), 1
689, "Jackal, The (1997)", 1
670, Body Snatchers (1993), 1
546, Broken Arrow (1996), 1
458, Nixon (1995), 1
454, Bastard Out of Carolina (1996), 1
441, "Amityville Horror, The (1979)", 1
425, Bob Roberts (1992), 1
376, Houseguest (1994), 1
369, Black Sheep (1996), 1
104, Theodore Rex (1995), 1
