5.0, 3, Prefontaine (1997)
5.0, 3, Star Kid (1997)
5.0, 2, "Saint of Fort Washington, The (1993)"
5.0, 2, Santa with Muscles (1996)
5.0, 1, "Great Day in Harlem, A (1994)"
5.0, 1, They Made Me a Criminal (1939)
5.0, 1, Marlene Dietrich: Shadow and Light (1996) 
5.0, 1, Aiqing wansui (1994)
5.0, 1, Someone Else's America (1995)
5.0, 1, Entertaining Angels: The Dorothy Day Story (1996)
4.625, 8, Pather Panchali (1955)
4.5, 4, Maya Lin: A Strong Clear Vision (1994)
4.5, 2, Anna (1996)
4.5, 2, Everest (1998)
4.5, 2, Some Mother's Son (1996)
4.491071428571429, 112, "Close Shave, A (1995)"
4.4655172413793105, 116, "Wrong Trousers, The (1993)"
4.462585034013605, 294, Schindler's List (1993)
4.454545454545454, 242, Casablanca (1942)
4.447761194029851, 67, Wallace & Gromit: The Best of Aardman Animation (1996)
4.445229681978798, 283, "Shawshank Redemption, The (1994)"
4.3936170212765955, 188, Rear Window (1954)
4.385767790262173, 267, "Usual Suspects, The (1995)"
4.3584905660377355, 583, Star Wars (1977)
4.346774193548387, 124, 12 Angry Men (1957)
4.338028169014085, 71, "Third Man, The (1949)"
4.333333333333333, 3, "Letter From Death Row, A (1998)"
4.333333333333333, 3, Bitter Sugar (Azucar Amargo) (1996)
4.292929292929293, 198, Citizen Kane (1941)
4.2926829268292686, 41, Some Folks Call It a Sling Blade (1993)
4.292237442922374, 219, To Kill a Mockingbird (1962)
4.2897727272727275, 176, North by Northwest (1959)
4.28974358974359, 390, "Silence of the Lambs, The (1991)"
4.289575289575289, 259, One Flew Over the Cuckoo's Nest (1975)
4.2895377128953776, 411, "Godfather, The (1972)"
4.262626262626263, 198, Good Will Hunting (1997)
4.2625, 160, Secrets & Lies (1996)
4.260869565217392, 46, Shall We Dance? (1996)
4.259541984732825, 131, "Manchurian Candidate, The (1962)"
4.252577319587629, 194, Dr. Strangelove or: How I Learned to Stop Worrying and Love the Bomb (1963)
4.2514450867052025, 346, Titanic (1997)
4.250596658711217, 419, Raiders of the Lost Ark (1981)
4.25, 8, Kaspar Hauser (1993)
4.25, 4, Crossfire (1947)
4.25, 4, "Innocents, The (1961)"
4.247191011235955, 178, Vertigo (1958)
4.232558139534884, 172, Lawrence of Arabia (1962)
4.231343283582089, 134, "Maltese Falcon, The (1941)"
4.228426395939087, 197, "Boot, Das (1981)"
4.212121212121212, 33, Paths of Glory (1957)
4.204359673024523, 367, "Empire Strikes Back, The (1980)"
4.2, 65, Sunset Blvd. (1950)
4.2, 5, Faust (1994)
4.2, 5, Stonewall (1995)
4.198529411764706, 136, Sling Blade (1996)
4.196428571428571, 112, As Good As It Gets (1997)
4.1923076923076925, 26, "Affair to Remember, An (1957)"
4.191666666666666, 120, Cinema Paradiso (1988)
4.186602870813397, 209, "Godfather: Part II, The (1974)"
4.184210526315789, 152, "African Queen, The (1951)"
4.175757575757576, 165, "Bridge on the River Kwai, The (1957)"
4.172839506172839, 324, "Princess Bride, The (1987)"
4.167272727272727, 275, Amadeus (1984)
4.15593220338983, 295, L.A. Confidential (1997)
4.155172413793103, 58, Raise the Red Lantern (1991)
4.153846153846154, 507, Fargo (1996)
4.151515151515151, 297, Braveheart (1995)
4.15, 60, "Thin Man, The (1934)"
4.138181818181818, 275, Blade Runner (1982)
4.136054421768708, 147, Chinatown (1974)
4.132231404958677, 121, "Killing Fields, The (1984)"
4.130081300813008, 123, Henry V (1989)
4.127659574468085, 47, Waiting for Guffman (1996)
4.125, 104, Mr. Smith Goes to Washington (1939)
4.125, 8, A Chef in Love (1996)
4.121212121212121, 231, It's a Wonderful Life (1946)
4.1208791208791204, 182, Taxi Driver (1976)
4.120689655172414, 116, Raging Bull (1980)
4.120689655172414, 58, Manon of the Spring (Manon des sources) (1986)
4.115384615384615, 52, Notorious (1946)
4.111111111111111, 9, "Horseman on the Roof, The (Hussard sur le toit, Le) (1995)"
4.11, 100, "Philadelphia Story, The (1940)"
4.109375, 64, Jean de Florette (1986)
4.106060606060606, 66, "Grand Day Out, A (1992)"
4.104838709677419, 124, "Great Escape, The (1963)"
4.103896103896104, 77, "Treasure of the Sierra Madre, The (1948)"
4.103448275862069, 87, High Noon (1952)
4.102941176470588, 68, Roman Holiday (1953)
4.100840336134453, 238, "Graduate, The (1967)"
4.100418410041841, 239, Psycho (1960)
4.1, 70, Ran (1985)
4.1, 40, Laura (1944)
4.1, 10, Fresh (1994)
4.094936708860759, 158, Apt Pupil (1998)
4.094017094017094, 117, Hoop Dreams (1994)
4.088235294117647, 238, "Wizard of Oz, The (1939)"
4.078260869565217, 115, Arsenic and Old Lace (1944)
4.073529411764706, 68, "Christmas Carol, A (1938)"
4.073170731707317, 82, Three Colors: Red (1994)
4.070588235294117, 170, Glory (1989)
4.066666666666666, 45, "Great Dictator, The (1940)"
4.0664556962025316, 316, Monty Python and the Holy Grail (1974)
4.064516129032258, 31, Once Were Warriors (1994)
4.063063063063063, 222, "Sting, The (1973)"
4.0625, 176, Much Ado About Nothing (1993)
4.061224489795919, 49, Wings of Desire (1987)
4.053475935828877, 187, Lone Star (1996)
4.052083333333333, 384, Pulp Fiction (1994)
4.0508474576271185, 59, "39 Steps, The (1935)"
4.05, 80, Eat Drink Man Woman (1994)
4.05, 20, Paradise Lost: The Child Murders at Robin Hood Hills (1996)
4.0476190476190474, 21, Top Hat (1935)
4.045454545454546, 66, All About Eve (1950)
4.045454545454546, 44, Persuasion (1995)
4.045454545454546, 44, When We Were Kings (1996)
4.04524886877828, 221, Apocalypse Now (1979)
4.044776119402985, 335, "Fugitive, The (1993)"
4.037037037037037, 27, My Man Godfrey (1936)
4.031746031746032, 63, Three Colors: Blue (1993)
4.029850746268656, 67, "Quiet Man, The (1952)"
4.028846153846154, 104, Strictly Ballroom (1992)
4.027777777777778, 288, Alien (1979)
4.027397260273973, 73, "Big Sleep, The (1946)"
4.025, 80, "Man Who Would Be King, The (1975)"
4.023255813953488, 43, "Wild Bunch, The (1969)"
4.02, 50, To Catch a Thief (1955)
4.015463917525773, 194, Gandhi (1982)
4.012345679012346, 486, Return of the Jedi (1983)
4.012345679012346, 81, It Happened One Night (1934)
4.0038167938931295, 262, Sense and Sensibility (1995)
4.0, 288, Terminator 2: Judgment Day (1991)
4.0, 89, Hamlet (1996)
4.0, 68, Dial M for Murder (1954)
4.0, 56, His Girl Friday (1940)
4.0, 44, M (1931)
4.0, 20, For Whom the Bell Tolls (1943)
4.0, 15, Hard Eight (1996)
4.0, 13, Safe (1995)
4.0, 10, "Wonderful, Horrible Life of Leni Riefenstahl, The (1993)"
4.0, 6, "Whole Wide World, The (1996)"
4.0, 6, Margaret's Museum (1995)
4.0, 6, "World of Apu, The (Apur Sansar) (1959)"
4.0, 4, "Perfect Candidate, A (1996)"
4.0, 4, "Fille seule, La (A Single Girl) (1995)"
4.0, 4, Cosi (1996)
4.0, 3, "Wedding Gift, The (1994)"
4.0, 3, "C?r?monie, La (1995)"
4.0, 2, Celestial Clockwork (1994)
4.0, 2, Golden Earrings (1947)
4.0, 2, Nico Icon (1995)
4.0, 1, Jupiter's Wife (1994)
4.0, 1, "Big Bang Theory, The (1994)"
4.0, 1, Lady of Burlesque (1943)
4.0, 1, "Damsel in Distress, A (1937)"
4.0, 1, "Gate of Heavenly Peace, The (1995)"
4.0, 1, Window to Paris (1994)
4.0, 1, Farmer & Chase (1995)
4.0, 1, Killer: A Journal of Murder (1995)
4.0, 1, Wings of Courage (1995)
4.0, 1, "Object of My Affection, The (1998)"
4.0, 1, Witness (1985)
4.0, 1, I Don't Want to Talk About It (De eso no se habla) (1993)
4.0, 1, Death in Brunswick (1991)
4.0, 1, He Walked by Night (1948)
4.0, 1, Tokyo Fist (1995)
4.0, 1, Desert Winds (1995)
4.0, 1, Brothers in Trouble (1995)
4.0, 1, "Butcher Boy, The (1998)"
4.0, 1, "Spanish Prisoner, The (1997)"
4.0, 1, Mamma Roma (1962)
3.9954337899543377, 219, Babe (1995)
3.9939024390243905, 164, Cool Hand Luke (1967)
3.9926470588235294, 136, Patton (1970)
3.9926470588235294, 136, Singin' in the Rain (1952)
3.9917355371900825, 121, Nikita (La Femme Nikita) (1990)
3.991228070175439, 114, Kolya (1996)
3.989130434782609, 92, Duck Soup (1933)
3.985074626865672, 134, "Room with a View, A (1986)"
3.984375, 128, Some Like It Hot (1959)
3.979591836734694, 147, Reservoir Dogs (1992)
3.978494623655914, 93, My Life as a Dog (Mitt liv som hund) (1985)
3.9782608695652173, 46, Farewell My Concubine (1993)
3.978021978021978, 182, "Postino, Il (1994)"
3.9743589743589745, 39, Priest (1994)
3.9696969696969697, 66, Rebecca (1940)
3.9696969696969697, 33, Lost Horizon (1937)
3.969111969111969, 259, 2001: A Space Odyssey (1968)
3.9682539682539684, 63, Local Hero (1983)
3.967741935483871, 31, "Die xue shuang xiong (Killer, The) (1989)"
3.9642857142857144, 28, Beautiful Thing (1996)
3.9565217391304346, 69, Antonia's Line (1995)
3.9513274336283186, 226, GoodFellas (1990)
3.949074074074074, 216, Butch Cassidy and the Sundance Kid (1969)
3.9473684210526314, 95, "Mrs. Brown (Her Majesty, Mrs. Brown) (1997)"
3.9471830985915495, 284, Aliens (1986)
3.945945945945946, 37, Belle de jour (1967)
3.945, 200, Young Frankenstein (1974)
3.9444444444444446, 18, Thirty-Two Short Films About Glenn Gould (1993)
3.94, 150, "Remains of the Day, The (1993)"
3.9375, 32, Brassed Off (1996)
3.9365079365079363, 63, "Apartment, The (1960)"
3.9358974358974357, 78, Shadowlands (1993)
3.9335548172757475, 301, "Terminator, The (1984)"
3.933333333333333, 60, Cat on a Hot Tin Roof (1958)
3.933333333333333, 30, Spellbound (1945)
3.932515337423313, 163, Big Night (1996)
3.931159420289855, 276, Apollo 13 (1995)
3.930513595166163, 331, Indiana Jones and the Last Crusade (1989)
3.9272727272727272, 55, "Celluloid Closet, The (1995)"
3.926984126984127, 315, "Full Monty, The (1997)"
3.925, 40, Charade (1963)
3.923076923076923, 13, Primary Colors (1998)
3.9224806201550386, 129, Shine (1996)
3.92, 25, Meet John Doe (1941)
3.917197452229299, 157, "Right Stuff, The (1983)"
3.9166666666666665, 24, "Garden of Finzi-Contini, The (Giardino dei Finzi-Contini, Il) (1970)"
3.9163346613545817, 251, Dead Poets Society (1989)
3.9148936170212765, 94, "Day the Earth Stood Still, The (1951)"
3.9131944444444446, 288, When Harry Met Sally... (1989)
3.912621359223301, 206, M*A*S*H (1970)
3.911764705882353, 34, Touch of Evil (1958)
3.911111111111111, 180, Annie Hall (1977)
3.909502262443439, 221, "Clockwork Orange, A (1971)"
3.9057971014492754, 138, Searching for Bobby Fischer (1993)
3.905759162303665, 191, This Is Spinal Tap (1984)
3.9051724137931036, 116, Being There (1979)
3.900990099009901, 101, In the Name of the Father (1993)
3.9, 10, Love in the Afternoon (1957)
3.896551724137931, 58, Sophie's Choice (1982)
3.8963210702341136, 299, Dead Man Walking (1995)
3.890625, 64, Enchanted April (1991)
3.888888888888889, 90, Rosencrantz and Guildenstern Are Dead (1990)
3.8859649122807016, 114, "Magnificent Seven, The (1954)"
3.8857142857142857, 35, Gaslight (1944)
3.8852459016393444, 61, Bringing Up Baby (1938)
3.884, 250, Trainspotting (1996)
3.881057268722467, 227, Stand by Me (1986)
3.876923076923077, 65, Delicatessen (1991)
3.875, 256, Raising Arizona (1987)
3.875, 16, "Ruling Class, The (1972)"
3.8724279835390947, 243, Die Hard (1988)
3.871345029239766, 171, Gone with the Wind (1939)
3.868181818181818, 440, Toy Story (1995)
3.868131868131868, 182, Unforgiven (1992)
3.8666666666666667, 15, "Gay Divorcee, The (1934)"
3.8666666666666667, 15, Foreign Correspondent (1940)
3.864406779661017, 59, East of Eden (1955)
3.864406779661017, 59, Three Colors: White (1994)
3.8628318584070795, 226, "Hunt for Red October, The (1990)"
3.861111111111111, 36, Once Upon a Time in the West (1969)
3.859259259259259, 135, "Good, The Bad and The Ugly, The (1966)"
3.859154929577465, 71, "Secret of Roan Inish, The (1994)"
3.857142857142857, 21, Anne Frank Remembered (1995)
3.857142857142857, 14, Braindead (1992)
3.8555555555555556, 90, Rebel Without a Cause (1955)
3.853582554517134, 321, Forrest Gump (1994)
3.8529411764705883, 136, Philadelphia (1993)
3.8512396694214877, 121, My Left Foot (1989)
3.8461538461538463, 26, Walkabout (1971)
3.845528455284553, 123, Amistad (1997)
3.842553191489362, 235, Seven (Se7en) (1995)
3.838616714697406, 347, Back to the Future (1985)
3.8378378378378377, 74, Winnie the Pooh and the Blustery Day (1968)
3.8378378378378377, 37, 8 1/2 (1963)
3.8358208955223883, 67, Forbidden Planet (1956)
3.8333333333333335, 120, "Deer Hunter, The (1978)"
3.8333333333333335, 42, "Big Lebowski, The (1998)"
3.8333333333333335, 36, Night on Earth (1991)
3.8333333333333335, 12, "Farewell to Arms, A (1932)"
3.832258064516129, 155, "Birds, The (1963)"
3.832, 250, "Blues Brothers, The (1980)"
3.831460674157303, 89, Richard III (1995)
3.8306451612903225, 124, Ben-Hur (1959)
3.828767123287671, 146, Clerks (1994)
3.828025477707006, 157, Swingers (1996)
3.8256880733944953, 218, Aladdin (1992)
3.825242718446602, 206, "Shining, The (1980)"
3.824915824915825, 297, E.T. the Extra-Terrestrial (1982)
3.824, 125, Cold Comfort Farm (1995)
3.823529411764706, 34, Dead Man (1995)
3.8225806451612905, 124, My Fair Lady (1964)
3.8217054263565893, 129, Bound (1996)
3.8201754385964914, 228, Star Trek: The Wrath of Khan (1982)
3.819672131147541, 122, Bonnie and Clyde (1967)
3.8181818181818183, 66, "Adventures of Robin Hood, The (1938)"
3.8181818181818183, 66, Shallow Grave (1994)
3.8181818181818183, 66, Cyrano de Bergerac (1990)
3.817204301075269, 93, "Spitfire Grill, The (1996)"
3.816326530612245, 98, "Streetcar Named Desire, A (1951)"
3.814814814814815, 27, Paris Is Burning (1990)
3.8115942028985508, 207, Brazil (1985)
3.8085106382978724, 94, "City of Lost Children, The (1995)"
3.808333333333333, 120, Harold and Maude (1971)
3.8078512396694215, 484, Contact (1997)
3.804054054054054, 148, Like Water For Chocolate (Como agua para chocolate) (1992)
3.802721088435374, 147, Donnie Brasco (1997)
3.8, 25, Ninotchka (1939)
3.8, 10, Before the Rain (Pred dozhdot) (1994)
3.8, 5, Hearts and Minds (1996)
3.8, 5, Stripes (1981)
3.798449612403101, 387, Twelve Monkeys (1995)
3.796875, 64, Sabrina (1954)
3.7960199004975124, 201, Beauty and the Beast (1991)
3.7916666666666665, 48, "Bronx Tale, A (1993)"
3.7906976744186047, 172, Face/Off (1997)
3.7901234567901234, 81, Crumb (1994)
3.789473684210526, 19, Trust (1990)
3.7880184331797233, 217, "Lion King, The (1994)"
3.7874015748031495, 254, Dances with Wolves (1990)
3.7857142857142856, 14, To Live (Huozhe) (1994)
3.785425101214575, 247, "Fish Called Wanda, A (1988)"
3.7828947368421053, 152, In the Line of Fire (1993)
3.7827715355805243, 267, Chasing Amy (1997)
3.7781569965870307, 293, Mr. Holland's Opus (1995)
3.7777777777777777, 18, "Blue Angel, The (Blaue Engel, Der) (1930)"
3.7761194029850746, 67, Short Cuts (1993)
3.772893772893773, 273, Jaws (1975)
3.7714285714285714, 35, Down by Law (1986)
3.7714285714285714, 35, "Thin Blue Line, The (1988)"
3.7701149425287355, 174, Fantasia (1940)
3.769230769230769, 91, "Madness of King George, The (1994)"
3.769230769230769, 91, Manhattan (1979)
3.769230769230769, 13, Dangerous Beauty (1998)
3.7674418604651163, 43, "Return of Martin Guerre, The (Retour de Martin Guerre, Le) (1982)"
3.767123287671233, 73, Six Degrees of Separation (1993)
3.765765765765766, 222, "Sound of Music, The (1965)"
3.764705882352941, 153, Fried Green Tomatoes (1991)
3.7642857142857142, 280, Groundhog Day (1993)
3.761904761904762, 21, "Umbrellas of Cherbourg, The (Parapluies de Cherbourg, Les) (1964)"
3.752542372881356, 295, Men in Black (1997)
3.75, 52, Bananas (1971)
3.75, 24, "Cry, the Beloved Country (1995)"
3.75, 24, Microcosmos: Le peuple de l'herbe (1996)
3.75, 12, Four Days in September (1997)
3.75, 4, Two or Three Things I Know About Her (1966)
3.75, 4, 8 Seconds (1994)
3.75, 4, Guantanamera (1994)
3.75, 4, "Leading Man, The (1996)"
3.75, 4, Lamerica (1994)
3.75, 4, Angel Baby (1995)
3.7471264367816093, 174, Monty Python's Life of Brian (1979)
3.7450980392156863, 51, Giant (1956)
3.744186046511628, 43, "Sweet Hereafter, The (1997)"
3.7411764705882353, 85, Bob Roberts (1992)
3.740740740740741, 27, Living in Oblivion (1995)
3.7384615384615385, 65, Diva (1981)
3.7333333333333334, 15, "Haunted World of Edward D. Wood Jr., The (1995)"
3.72972972972973, 74, Breaking the Waves (1996)
3.7286821705426356, 258, Jurassic Park (1993)
3.7263157894736842, 95, Breakfast at Tiffany's (1961)
3.7247191011235956, 178, Mary Poppins (1964)
3.722772277227723, 101, Miracle on 34th Street (1994)
3.7222222222222223, 18, "Inspector General, The (1949)"
3.7209302325581395, 86, Bullets Over Broadway (1994)
3.7167630057803467, 173, Emma (1996)
3.7142857142857144, 49, "Perfect World, A (1993)"
3.7142857142857144, 7, Night Flier (1997)
3.7142857142857144, 7, Beat the Devil (1954)
3.7142857142857144, 7, "Thieves (Voleurs, Les) (1996)"
3.712121212121212, 66, In the Company of Men (1997)
3.7109375, 384, Jerry Maguire (1996)
3.7093023255813953, 172, Snow White and the Seven Dwarfs (1937)
3.7083333333333335, 24, Burnt By the Sun (1994)
3.704697986577181, 149, "Professional, The (1994)"
3.7045454545454546, 44, Ridicule (1996)
3.7037037037037037, 54, Looking for Richard (1996)
3.7007299270072993, 137, Ulee's Gold (1997)
3.7, 50, "American in Paris, An (1951)"
3.7, 40, "Tin Drum, The (Blechtrommel, Die) (1979)"
3.69811320754717, 212, Field of Dreams (1989)
3.697986577181208, 298, Leaving Las Vegas (1995)
3.6949602122015914, 377, "Rock, The (1996)"
3.6929133858267718, 127, Platoon (1986)
3.6923076923076925, 104, Welcome to the Dollhouse (1995)
3.6923076923076925, 26, "Pillow Book, The (1995)"
3.6904761904761907, 42, Kundun (1997)
3.6904761904761907, 42, Flirting With Disaster (1996)
3.690058479532164, 171, Heathers (1989)
3.689189189189189, 74, "Wings of the Dove, The (1997)"
3.6875, 16, In the Bleak Midwinter (1995)
3.6875, 16, Shall We Dance? (1937)
3.685344827586207, 232, "Time to Kill, A (1996)"
3.6818181818181817, 22, "Double vie de V?ronique, La (Double Life of Veronique, The) (1991)"
3.6804733727810652, 169, Full Metal Jacket (1987)
3.676470588235294, 102, Little Women (1994)
3.676470588235294, 34, Mediterraneo (1991)
3.675213675213675, 117, Real Genius (1985)
3.6741573033707864, 89, Casino (1995)
3.6732673267326734, 101, Pinocchio (1940)
3.672566371681416, 113, Rosewood (1997)
3.6714285714285713, 70, Heavenly Creatures (1994)
3.668918918918919, 148, Grosse Pointe Blank (1997)
3.6666666666666665, 453, "English Patient, The (1996)"
3.6666666666666665, 108, Tombstone (1993)
3.6666666666666665, 87, "Ice Storm, The (1997)"
3.6666666666666665, 81, Alice in Wonderland (1951)
3.6666666666666665, 21, My Family (1995)
3.6666666666666665, 15, "Daytrippers, The (1996)"
3.6666666666666665, 15, "Women, The (1939)"
3.6666666666666665, 12, SubUrbia (1997)
3.6666666666666665, 9, "Band Wagon, The (1953)"
3.6666666666666665, 6, Mina Tannenbaum (1994)
3.6666666666666665, 3, "Last Time I Saw Paris, The (1954)"
3.6666666666666665, 3, "Quiet Room, The (1996)"
3.6666666666666665, 3, "Joy Luck Club, The (1993)"
3.6666666666666665, 3, My Favorite Season (1993)
3.6666666666666665, 3, "Bewegte Mann, Der (1994)"
3.6666666666666665, 3, Nelly & Monsieur Arnaud (1995)
3.6613545816733066, 251, Four Weddings and a Funeral (1994)
3.6610169491525424, 59, Around the World in 80 Days (1956)
3.6610169491525424, 59, Some Kind of Wonderful (1987)
3.658536585365854, 41, Gigi (1958)
3.658536585365854, 41, "Little Princess, A (1995)"
3.6545454545454548, 55, "Apostle, The (1997)"
3.6538461538461537, 26, Ghost in the Shell (Kokaku kidotai) (1995)
3.652173913043478, 46, It Could Happen to You (1994)
3.651685393258427, 89, Miller's Crossing (1990)
3.6511627906976742, 43, "Ghost and Mrs. Muir, The (1947)"
3.6509695290858724, 361, Star Trek: First Contact (1996)
3.6504065040650406, 123, Jackie Brown (1997)
3.65, 180, Dave (1993)
3.646288209606987, 229, Speed (1994)
3.645714285714286, 175, Quiz Show (1994)
3.642857142857143, 266, Ransom (1996)
3.641025641025641, 39, "Candidate, The (1972)"
3.6341463414634148, 82, Sleeper (1973)
3.6333333333333333, 30, My Own Private Idaho (1991)
3.6315789473684212, 19, Funny Face (1957)
3.6298701298701297, 154, Crimson Tide (1995)
3.6296296296296298, 27, Manhattan Murder Mystery (1993)
3.628992628992629, 407, Air Force One (1997)
3.6280487804878048, 164, "American President, The (1995)"
3.6276923076923078, 325, Willy Wonka and the Chocolate Factory (1971)
3.626984126984127, 126, Ed Wood (1994)
3.625, 16, Selena (1997)
3.625, 8, Walking and Talking (1996)
3.622950819672131, 61, Eve's Bayou (1997)
3.6222222222222222, 45, Citizen Ruth (1996)
3.6218487394957983, 119, "Crying Game, The (1992)"
3.621212121212121, 66, Smoke (1995)
3.619047619047619, 21, "Mis?rables, Les (1995)"
3.6176470588235294, 34, Orlando (1993)
3.6153846153846154, 104, True Romance (1993)
3.6153846153846154, 26, Love! Valour! Compassion! (1997)
3.6153846153846154, 13, "Mark of Zorro, The (1940)"
3.611111111111111, 72, Othello (1995)
3.611111111111111, 18, Picnic (1955)
3.611111111111111, 18, To Be or Not to Be (1942)
3.608695652173913, 46, Bride of Frankenstein (1935)
3.608695652173913, 46, Nobody's Fool (1994)
3.6064814814814814, 216, Courage Under Fire (1996)
3.6011904761904763, 168, "Piano, The (1993)"
3.601123595505618, 178, Primal Fear (1996)
3.60093896713615, 213, "People vs. Larry Flynt, The (1996)"
3.6, 60, Murder in the First (1995)
3.6, 15, Mrs. Dalloway (1997)
3.6, 5, Flirt (1995)
3.6, 5, "Magic Hour, The (1998)"
3.5961538461538463, 52, Red Rock West (1992)
3.5955882352941178, 136, Gattaca (1997)
3.5955555555555554, 225, "Game, The (1997)"
3.5943396226415096, 106, William Shakespeare's Romeo and Juliet (1996)
3.5925925925925926, 27, Vanya on 42nd Street (1994)
3.589403973509934, 151, "Abyss, The (1989)"
3.5833333333333335, 60, Father of the Bride (1950)
3.581818181818182, 110, "Adventures of Priscilla, Queen of the Desert, The (1994)"
3.5813953488372094, 129, Cinderella (1950)
3.5789473684210527, 19, Widows' Peak (1994)
3.5785714285714287, 140, "Nightmare Before Christmas, The (1993)"
3.574468085106383, 141, "Rainmaker, The (1997)"
3.574468085106383, 47, Swimming with Sharks (1995)
3.5730337078651684, 178, Clear and Present Danger (1994)
3.5714285714285716, 77, Better Off Dead... (1985)
3.5714285714285716, 28, Chungking Express (1994)
3.5714285714285716, 14, "Hour of the Pig, The (1993)"
3.5714285714285716, 7, Madame Butterfly (1995)
3.5714285714285716, 7, Aparajito (1956)
3.566666666666667, 180, Boogie Nights (1997)
3.5657894736842106, 76, Marvin's Room (1996)
3.5652173913043477, 92, Rob Roy (1995)
3.5647058823529414, 85, "Jungle Book, The (1994)"
3.5625, 208, True Lies (1994)
3.5625, 16, When the Cats Away (Chacun cherche son chat) (1996)
3.561797752808989, 89, "Return of the Pink Panther, The (1974)"
3.5596330275229358, 218, Heat (1995)
3.557377049180328, 244, Phenomenon (1996)
3.556603773584906, 106, On Golden Pond (1981)
3.5555555555555554, 54, "Nosferatu (Nosferatu, eine Symphonie des Grauens) (1922)"
3.5555555555555554, 45, "Family Thing, A (1996)"
3.5555555555555554, 27, Exotica (1994)
3.5555555555555554, 9, "Murder, My Sweet (1944)"
3.5555555555555554, 9, "Cement Garden, The (1993)"
3.5555555555555554, 9, "Little Princess, The (1939)"
3.5545454545454547, 110, "Hudsucker Proxy, The (1994)"
3.5527950310559007, 161, While You Were Sleeping (1995)
3.5526315789473686, 76, Don Juan DeMarco (1995)
3.550239234449761, 209, Get Shorty (1995)
3.5483870967741935, 155, Fly Away Home (1996)
3.5454545454545454, 11, Unzipped (1995)
3.5454545454545454, 11, Stalker (1979)
3.5454545454545454, 11, "Sum of Us, The (1994)"
3.5443037974683542, 79, "Secret Garden, The (1993)"
3.5441176470588234, 68, "Man Without a Face, The (1993)"
3.5434782608695654, 46, "Paris, Texas (1984)"
3.5416666666666665, 72, "Seventh Seal, The (Sjunde inseglet, Det) (1957)"
3.5408163265306123, 98, Muriel's Wedding (1994)
3.539906103286385, 213, Sleepless in Seattle (1993)
3.5398230088495577, 113, "Edge, The (1997)"
3.5391304347826087, 115, What's Eating Gilbert Grape (1993)
3.5384615384615383, 65, Supercop (1992)
3.5359477124183005, 153, Highlander (1986)
3.5354330708661417, 127, "Last of the Mohicans, The (1992)"
3.5353535353535355, 99, "American Werewolf in London, An (1981)"
3.532258064516129, 62, My Favorite Year (1982)
3.5303030303030303, 132, Wag the Dog (1997)
3.53, 100, Private Parts (1997)
3.5294117647058822, 34, Jeffrey (1995)
3.5294117647058822, 17, "Hate (Haine, La) (1995)"
3.5232558139534884, 86, Cape Fear (1962)
3.52, 25, Shanghai Triad (Yao a yao yao dao waipo qiao) (1995)
3.518918918918919, 185, "Devil's Advocate, The (1997)"
3.5185185185185186, 27, In Love and War (1996)
3.5168539325842696, 89, Evil Dead II (1987)
3.513333333333333, 150, Sneakers (1992)
3.5092024539877302, 163, Sleepers (1996)
3.5076923076923077, 65, Hercules (1997)
3.5041322314049586, 121, Carrie (1976)
3.5, 72, "20,000 Leagues Under the Sea (1954)"
3.5, 24, "Queen Margot (Reine Margot, La) (1994)"
3.5, 22, "Body Snatcher, The (1945)"
3.5, 18, "Assignment, The (1997)"
3.5, 16, Dark City (1998)
3.5, 10, Incognito (1997)
3.5, 10, Crooklyn (1994)
3.5, 8, "Maybe, Maybe Not (Bewegte Mann, Der) (1994)"
3.5, 6, N?nette et Boni (1996)
3.5, 6, Twisted (1996)
3.5, 4, Grateful Dead (1995)
3.5, 4, King of the Hill (1993)
3.5, 4, "Colonel Chabert, Le (1994)"
3.5, 2, "Visitors, The (Visiteurs, Les) (1993)"
3.5, 2, "Beans of Egypt, Maine, The (1994)"
3.5, 2, "Slingshot, The (1993)"
3.5, 2, Men With Guns (1997)
3.5, 2, Little City (1998)
3.4959349593495936, 123, Dumbo (1941)
3.490566037735849, 53, Koyaanisqatsi (1983)
3.488888888888889, 45, What's Love Got to Do with It (1993)
3.4878048780487805, 41, Moll Flanders (1996)
3.4871794871794872, 39, When a Man Loves a Woman (1994)
3.486111111111111, 72, "Wedding Singer, The (1998)"
3.485294117647059, 272, "Truth About Cats & Dogs, The (1996)"
3.484375, 64, Old Yeller (1957)
3.4831460674157304, 89, "Grifters, The (1990)"
3.4827586206896552, 29, Ghosts of Mississippi (1996)
3.481818181818182, 220, Top Gun (1986)
3.4814814814814814, 81, Nell (1994)
3.4761904761904763, 63, Jane Eyre (1996)
3.4761904761904763, 42, Bottle Rocket (1996)
3.4759358288770055, 187, Sabrina (1995)
3.4752475247524752, 101, "Sex, Lies, and Videotape (1989)"
3.475, 40, Killing Zoe (1994)
3.4744897959183674, 196, "Fifth Element, The (1997)"
3.473684210526316, 57, "Last Supper, The (1995)"
3.473684210526316, 19, Backbeat (1993)
3.4714285714285715, 70, Circle of Friends (1995)
3.4702702702702704, 185, "Long Kiss Goodnight, The (1996)"
3.46875, 128, Maverick (1994)
3.46875, 64, Dazed and Confused (1993)
3.466666666666667, 15, One Night Stand (1997)
3.4655172413793105, 174, That Thing You Do! (1996)
3.4647058823529413, 170, Ghost (1990)
3.4642857142857144, 28, Twelfth Night (1996)
3.463768115942029, 69, Glengarry Glen Ross (1992)
3.4615384615384617, 26, Friday (1995)
3.4615384615384617, 13, "Red Firecracker, Green Firecracker (1994)"
3.461038961038961, 154, Seven Years in Tibet (1997)
3.4607843137254903, 102, Benny & Joon (1993)
3.4603174603174605, 63, Immortal Beloved (1994)
3.46, 50, Menace II Society (1993)
3.458823529411765, 170, Clueless (1995)
3.4583333333333335, 24, Now and Then (1995)
3.4571428571428573, 70, Restoration (1995)
3.45679012345679, 81, Legends of the Fall (1994)
3.4565217391304346, 92, Michael Collins (1996)
3.4565217391304346, 92, "Unbearable Lightness of Being, The (1988)"
3.4536082474226806, 97, Desperado (1995)
3.452054794520548, 73, "Brothers McMullen, The (1995)"
3.4518072289156625, 166, Cape Fear (1991)
3.45, 20, Ma vie en rose (My Life in Pink) (1997)
3.448529411764706, 136, Con Air (1997)
3.4482758620689653, 174, Rumble in the Bronx (1995)
3.4452554744525545, 137, Kiss the Girls (1997)
3.4444444444444446, 198, Star Trek IV: The Voyage Home (1986)
3.4444444444444446, 63, Anastasia (1997)
3.4444444444444446, 54, Mallrats (1995)
3.4444444444444446, 36, "Thousand Acres, A (1997)"
3.4444444444444446, 27, Black Beauty (1994)
3.4444444444444446, 9, unknown
3.4444444444444446, 9, "Winter Guest, The (1997)"
3.439914163090129, 466, Scream (1996)
3.438228438228438, 429, Independence Day (ID4) (1996)
3.4375, 32, "Fast, Cheap & Out of Control (1997)"
3.4310344827586206, 116, Army of Darkness (1993)
3.4307692307692306, 130, Mystery Science Theater 3000: The Movie (1996)
3.4285714285714284, 28, Death and the Maiden (1994)
3.4285714285714284, 7, Mercury Rising (1998)
3.4285714285714284, 7, "Man of No Importance, A (1994)"
3.4285714285714284, 7, Double Happiness (1994)
3.427860696517413, 201, Batman (1989)
3.426829268292683, 82, Somewhere in Time (1980)
3.425, 40, "Basketball Diaries, The (1995)"
3.421875, 64, Night of the Living Dead (1968)
3.4210526315789473, 19, Set It Off (1996)
3.419795221843003, 293, Conspiracy Theory (1997)
3.418918918918919, 74, Breakdown (1997)
3.417910447761194, 134, "Crow, The (1994)"
3.4177215189873418, 79, Pump Up the Volume (1990)
3.4166666666666665, 72, Angels and Insects (1995)
3.4166666666666665, 12, Blue Sky (1994)
3.4166666666666665, 12, "Man in the Iron Mask, The (1998)"
3.412878787878788, 264, "Birdcage, The (1996)"
3.4114583333333335, 192, Mrs. Doubtfire (1993)
3.4081632653061225, 49, Before Sunrise (1995)
3.4074074074074074, 54, Carlito's Way (1993)
3.4065934065934065, 182, Mighty Aphrodite (1995)
3.403409090909091, 176, Tomorrow Never Dies (1997)
3.4, 85, White Squall (1996)
3.4, 50, Once Upon a Time in America (1984)
3.4, 30, "Old Man and the Sea, The (1958)"
3.4, 5, Best Men (1997)
3.4, 5, Late Bloomers (1996)
3.4, 5, When Night Is Falling (1995)
3.4, 5, Legal Deceit (1997)
3.389261744966443, 149, Happy Gilmore (1996)
3.3859649122807016, 57, Devil in a Blue Dress (1995)
3.3846153846153846, 65, "Age of Innocence, The (1993)"
3.3846153846153846, 13, "Tango Lesson, The (1997)"
3.3846153846153846, 13, "Boys of St. Vincent, The (1993)"
3.3839285714285716, 112, Beautiful Girls (1996)
3.380952380952381, 84, "Omen, The (1976)"
3.38, 50, Akira (1988)
3.3789473684210525, 95, "Client, The (1994)"
3.3783783783783785, 37, I Shot Andy Warhol (1996)
3.377952755905512, 127, "Hunchback of Notre Dame, The (1996)"
3.3771428571428572, 175, Cop Land (1997)
3.376, 125, Absolute Power (1997)
3.375, 64, Deconstructing Harry (1997)
3.375, 32, "Englishman Who Went Up a Hill, But Came Down a Mountain, The (1995)"
3.375, 32, Night Falls on Manhattan (1997)
3.375, 16, Bad Taste (1987)
3.3636363636363638, 66, "Mirror Has Two Faces, The (1996)"
3.3636363636363638, 22, Welcome To Sarajevo (1997)
3.3636363636363638, 11, That Old Feeling (1997)
3.359375, 64, U Turn (1997)
3.358974358974359, 39, Swiss Family Robinson (1960)
3.357142857142857, 56, Red Corner (1997)
3.357142857142857, 42, Freeway (1996)
3.3567251461988303, 171, My Best Friend's Wedding (1997)
3.355421686746988, 166, Die Hard 2 (1990)
3.3548387096774195, 155, Executive Decision (1996)
3.3548387096774195, 31, Meet Me in St. Louis (1944)
3.3508771929824563, 114, Pink Floyd - The Wall (1982)
3.347058823529412, 170, Grease (1978)
3.3417721518987342, 79, Dolores Claiborne (1994)
3.341463414634146, 41, "Young Poisoner's Handbook, The (1995)"
3.3404255319148937, 47, Dangerous Minds (1995)
3.339622641509434, 53, Desperate Measures (1998)
3.3376623376623376, 77, "Crucible, The (1996)"
3.3376623376623376, 77, Victor/Victoria (1982)
3.3333333333333335, 84, French Kiss (1995)
3.3333333333333335, 30, Higher Learning (1995)
3.3333333333333335, 12, Radioland Murders (1994)
3.3333333333333335, 12, Alphaville (1965)
3.3333333333333335, 9, "Month by the Lake, A (1995)"
3.3333333333333335, 9, "War Room, The (1993)"
3.3333333333333335, 9, Tom & Viv (1994)
3.3333333333333335, 9, True Crime (1995)
3.3333333333333335, 6, "Promesse, La (1996)"
3.3333333333333335, 6, Boys (1996)
3.3333333333333335, 6, Gabbeh (1996)
3.3333333333333335, 6, Boy's Life 2 (1997)
3.3333333333333335, 6, "Cure, The (1995)"
3.3333333333333335, 3, "Rendezvous in Paris (Rendez-vous de Paris, Les) (1995)"
3.3333333333333335, 3, "Inkwell, The (1994)"
3.3333333333333335, 3, "Boys, Les (1997)"
3.3333333333333335, 3, "Price Above Rubies, A (1998)"
3.3304347826086955, 115, Star Trek: Generations (1994)
3.3292682926829267, 82, "Sword in the Stone, The (1963)"
3.323529411764706, 34, Unforgettable (1996)
3.323170731707317, 164, Pretty Woman (1990)
3.3230769230769233, 65, How to Make an American Quilt (1995)
3.3225806451612905, 62, Stealing Beauty (1996)
3.3205128205128207, 78, I.Q. (1994)
3.319327731092437, 119, Michael (1996)
3.3181818181818183, 22, Unstrung Heroes (1995)
3.3181818181818183, 22, Kama Sutra: A Tale of Love (1996)
3.3181818181818183, 22, Little Buddha (1993)
3.3125, 96, Jumanji (1995)
3.3125, 64, Rudy (1993)
3.31055900621118, 322, Mission: Impossible (1996)
3.3076923076923075, 39, "Replacement Killers, The (1998)"
3.3076923076923075, 13, Traveller (1997)
3.3043478260869565, 161, G.I. Jane (1997)
3.303370786516854, 89, "Three Musketeers, The (1993)"
3.302325581395349, 86, Copycat (1995)
3.3013100436681224, 229, In & Out (1997)
3.3, 10, Faithful (1996)
3.3, 10, Ponette (1996)
3.3, 10, Bitter Moon (1992)
3.2972972972972974, 37, Get on the Bus (1996)
3.2941176470588234, 34, Washington Square (1997)
3.2916666666666665, 24, Fearless (1993)
3.2903225806451615, 31, "Great Race, The (1965)"
3.2857142857142856, 63, "Walk in the Clouds, A (1995)"
3.2857142857142856, 28, Once Upon a Time... When We Were Colored (1995)
3.2857142857142856, 21, It's My Party (1995)
3.2857142857142856, 7, Year of the Horse (1997)
3.2857142857142856, 7, Paradise Road (1997)
3.2857142857142856, 7, Hugo Pool (1997)
3.2857142857142856, 7, Kim (1950)
3.2857142857142856, 7, Nothing to Lose (1994)
3.2857142857142856, 7, Far From Home: The Adventures of Yellow Dog (1995)
3.2847682119205297, 151, Die Hard: With a Vengeance (1995)
3.279503105590062, 161, Everyone Says I Love You (1996)
3.279503105590062, 161, Star Trek VI: The Undiscovered Country (1991)
3.2781456953642385, 151, "Firm, The (1993)"
3.2758620689655173, 87, To Die For (1995)
3.275, 120, Under Siege (1992)
3.272727272727273, 22, "Three Caballeros, The (1945)"
3.272727272727273, 22, Mrs. Parker and the Vicious Circle (1994)
3.272727272727273, 11, Strawberry and Chocolate (Fresa y chocolate) (1993)
3.2720588235294117, 136, "Peacemaker, The (1997)"
3.2666666666666666, 15, "War, The (1994)"
3.264367816091954, 87, Strange Days (1995)
3.26027397260274, 73, Heavy Metal (1981)
3.2564102564102564, 39, Career Girls (1997)
3.25531914893617, 47, Up in Smoke (1978)
3.25531914893617, 47, Mad City (1997)
3.2551724137931033, 145, Jackie Chan's First Strike (1996)
3.25, 44, Basquiat (1996)
3.25, 20, Indian Summer (1996)
3.25, 8, Hear My Song (1991)
3.25, 8, Caught (1996)
3.25, 8, Losing Chase (1996)
3.25, 8, Grace of My Heart (1996)
3.25, 4, "Substance of Fire, The (1996)"
3.25, 4, "Run of the Country, The (1995)"
3.25, 4, Hotel de Love (1996)
3.25, 4, So Dear to My Heart (1949)
3.25, 4, Grosse Fatigue (1994)
3.25, 4, 8 Heads in a Duffel Bag (1997)
3.246153846153846, 130, Austin Powers: International Man of Mystery (1997)
3.2439024390243905, 41, "Associate, The (1996)"
3.241758241758242, 91, Escape from New York (1981)
3.2403846153846154, 104, Outbreak (1995)
3.24, 50, Trees Lounge (1996)
3.24, 25, Naked (1993)
3.238095238095238, 21, Mother Night (1996)
3.236842105263158, 114, "Frighteners, The (1996)"
3.235294117647059, 17, "Big Blue, The (Grand bleu, Le) (1988)"
3.2333333333333334, 60, Bed of Roses (1996)
3.232142857142857, 112, One Fine Day (1996)
3.230769230769231, 13, Roommates (1995)
3.230769230769231, 13, Telling Lies in America (1997)
3.230769230769231, 13, Carrington (1995)
3.230769230769231, 13, Switchblade Sisters (1975)
3.230769230769231, 13, Withnail and I (1987)
3.2285714285714286, 210, Starship Troopers (1997)
3.227722772277228, 101, Basic Instinct (1992)
3.2266666666666666, 75, Robin Hood: Prince of Thieves (1991)
3.225806451612903, 93, 2 Days in the Valley (1996)
3.225, 40, "Paper, The (1994)"
3.2222222222222223, 27, Great Expectations (1998)
3.2222222222222223, 18, M. Butterfly (1993)
3.2222222222222223, 9, Three Wishes (1995)
3.2222222222222223, 9, "Grass Harp, The (1995)"
3.2222222222222223, 9, "Sixth Man, The (1997)"
3.2203389830508473, 59, Kalifornia (1993)
3.217993079584775, 289, Twister (1996)
3.2169811320754715, 106, Scream 2 (1997)
3.2131147540983607, 61, Homeward Bound: The Incredible Journey (1993)
3.210526315789474, 95, Matilda (1996)
3.210526315789474, 19, Gridlock'd (1997)
3.2083333333333335, 48, "Quick and the Dead, The (1995)"
3.2083333333333335, 48, Powder (1995)
3.207920792079208, 101, Young Guns (1988)
3.2061068702290076, 131, GoldenEye (1995)
3.204081632653061, 49, Bulletproof (1996)
3.203125, 128, "Ghost and the Darkness, The (1996)"
3.2, 35, "Trigger Effect, The (1996)"
3.2, 15, Go Fish (1994)
3.2, 10, Fear of a Black Hat (1993)
3.2, 10, Wonderland (1997)
3.2, 10, "Simple Twist of Fate, A (1994)"
3.2, 10, Cronos (1992)
3.2, 5, Boys Life (1995)
3.2, 5, "Story of Xinghua, The (1993)"
3.2, 5, Of Human Bondage (1934)
3.2, 5, Children of the Revolution (1996)
3.193548387096774, 62, Forget Paris (1995)
3.192982456140351, 57, "Postman, The (1997)"
3.1904761904761907, 21, Oscar & Lucinda (1997)
3.1882352941176473, 85, Up Close and Personal (1996)
3.1875, 128, "Mask, The (1994)"
3.1875, 32, Tie Me Up! Tie Me Down! (1990)
3.1824817518248176, 137, Interview with the Vampire (1994)
3.1818181818181817, 110, "Nightmare on Elm Street, A (1984)"
3.1818181818181817, 11, My Crazy Life (Mi vida loca) (1993)
3.1785714285714284, 28, Passion Fish (1992)
3.1777777777777776, 45, Blue in the Face (1995)
3.176470588235294, 51, "MatchMaker, The (1997)"
3.1739130434782608, 46, Malice (1993)
3.1724137931034484, 58, Soul Food (1997)
3.171875, 64, Extreme Measures (1996)
3.1666666666666665, 78, My Fellow Americans (1996)
3.1666666666666665, 54, Addicted to Love (1997)
3.1666666666666665, 48, Smilla's Sense of Snow (1997)
3.1666666666666665, 18, Lost in Space (1998)
3.1666666666666665, 18, Amateur (1994)
3.1666666666666665, 12, Little Lord Fauntleroy (1936)
3.1666666666666665, 12, "Star Maker, The (Uomo delle stelle, L') (1995)"
3.1666666666666665, 12, Stalingrad (1993)
3.1666666666666665, 12, Love & Human Remains (1993)
3.1666666666666665, 12, Bread and Chocolate (Pane e cioccolata) (1973)
3.1666666666666665, 12, Tom and Huck (1995)
3.1666666666666665, 6, "Flower of My Secret, The (Flor de mi secreto, La) (1995)"
3.1666666666666665, 6, Of Love and Shadows (1994)
3.1666666666666665, 6, Duoluo tianshi (1995)
3.164705882352941, 85, "Jackal, The (1997)"
3.1641791044776117, 67, "Bridges of Madison County, The (1995)"
3.161764705882353, 68, Cool Runnings (1993)
3.161290322580645, 31, "Kiss Me, Guido (1997)"
3.160621761658031, 193, Tin Cup (1996)
3.159090909090909, 44, Fear (1996)
3.158333333333333, 120, Bram Stoker's Dracula (1992)
3.1578947368421053, 38, French Twist (Gazon maudit) (1995)
3.1551724137931036, 58, Home for the Holidays (1995)
3.1549295774647885, 71, Things to Do in Denver when You're Dead (1995)
3.1538461538461537, 78, Midnight in the Garden of Good and Evil (1997)
3.1538461538461537, 39, Only You (1994)
3.1538461538461537, 39, "Corrina, Corrina (1994)"
3.1538461538461537, 13, Manny & Lo (1996)
3.152173913043478, 92, Demolition Man (1993)
3.150485436893204, 206, Eraser (1996)
3.1481481481481484, 27, Pollyanna (1960)
3.1475409836065573, 61, "Fox and the Hound, The (1981)"
3.1470588235294117, 34, Boys on the Side (1995)
3.146551724137931, 116, Lost Highway (1997)
3.1463414634146343, 41, Fallen (1998)
3.143835616438356, 146, "River Wild, The (1994)"
3.142857142857143, 70, Jack (1996)
3.142857142857143, 28, Just Cause (1995)
3.142857142857143, 14, Wild Reeds (1994)
3.142857142857143, 14, Palmetto (1998)
3.142857142857143, 7, Purple Noon (1960)
3.142857142857143, 7, Ayn Rand: A Sense of Life (1997)
3.142857142857143, 7, Dream With the Fishes (1997)
3.1392405063291138, 79, City Hall (1996)
3.134920634920635, 126, Stargate (1994)
3.1333333333333333, 15, Princess Caraboo (1994)
3.1333333333333333, 15, "Bye Bye, Love (1995)"
3.130952380952381, 168, Mother (1996)
3.130434782608696, 23, Ruby in Paradise (1993)
3.130434782608696, 23, Inventing the Abbotts (1997)
3.1296296296296298, 162, Kingpin (1996)
3.1296296296296298, 54, "Aristocats, The (1970)"
3.126984126984127, 126, James and the Giant Peach (1996)
3.125, 168, Star Trek III: The Search for Spock (1984)
3.125, 8, Love and a .45 (1994)
3.125, 8, Full Speed (1996)
3.1219512195121952, 451, Liar Liar (1997)
3.119565217391304, 92, From Dusk Till Dawn (1996)
3.1176470588235294, 238, "Devil's Own, The (1997)"
3.1176470588235294, 17, Farinelli: il castrato (1994)
3.1157894736842104, 95, Fierce Creatures (1997)
3.1153846153846154, 104, "Craft, The (1996)"
3.1143790849673203, 306, "Saint, The (1997)"
3.111111111111111, 18, Afterglow (1997)
3.111111111111111, 18, Andre (1994)
3.111111111111111, 9, Geronimo: An American Legend (1993)
3.111111111111111, 9, Man of the Year (1995)
3.111111111111111, 9, Last Dance (1996)
3.1052631578947367, 19, Surviving Picasso (1996)
3.103448275862069, 87, Nixon (1995)
3.1020408163265305, 98, Dirty Dancing (1987)
3.1, 50, Wyatt Earp (1994)
3.1, 10, Picture Bride (1995)
3.1, 10, Gold Diggers: The Secret of Bear Mountain (1995)
3.097560975609756, 82, "Santa Clause, The (1994)"
3.096774193548387, 31, Timecop (1994)
3.095890410958904, 73, "Parent Trap, The (1961)"
3.0952380952380953, 42, Love Jones (1997)
3.09375, 64, "Fan, The (1996)"
3.0930232558139537, 43, "Chamber, The (1996)"
3.090909090909091, 33, Anna Karenina (1997)
3.090909090909091, 11, Critical Care (1997)
3.0892857142857144, 56, Bad Boys (1995)
3.0869565217391304, 23, Live Nude Girls (1995)
3.086206896551724, 58, Mary Shelley's Frankenstein (1994)
3.0826446280991737, 121, Alien: Resurrection (1997)
3.0822784810126582, 158, Dragonheart (1996)
3.081081081081081, 37, Billy Madison (1995)
3.0808823529411766, 136, Home Alone (1990)
3.076923076923077, 65, Kids in the Hall: Brain Candy (1996)
3.0754716981132075, 53, "Life Less Ordinary, A (1997)"
3.074074074074074, 27, Spanking the Monkey (1994)
3.0701754385964914, 57, Bedknobs and Broomsticks (1971)
3.0681818181818183, 44, To Gillian on Her 37th Birthday (1996)
3.0652173913043477, 46, With Honors (1994)
3.0618556701030926, 97, Romy and Michele's High School Reunion (1997)
3.061224489795918, 49, Kids (1995)
3.061224489795918, 49, Tin Men (1987)
3.0609756097560976, 82, "Arrival, The (1996)"
3.0555555555555554, 18, Beyond Rangoon (1995)
3.0526315789473686, 95, So I Married an Axe Murderer (1993)
3.0526315789473686, 19, Star Maps (1997)
3.0485436893203883, 103, Ace Ventura: Pet Detective (1994)
3.046728971962617, 107, Conan the Barbarian (1981)
3.0454545454545454, 44, Nick of Time (1995)
3.0454545454545454, 22, Mrs. Winterbourne (1996)
3.0416666666666665, 24, "House of the Spirits, The (1993)"
3.04, 50, Casper (1995)
3.037037037037037, 81, "Cook the Thief His Wife & Her Lover, The (1989)"
3.034965034965035, 143, Grumpier Old Men (1995)
3.034782608695652, 115, Star Trek: The Motion Picture (1979)
3.0344827586206895, 58, "Ref, The (1994)"
3.031496062992126, 254, Broken Arrow (1996)
3.0314465408805034, 159, "First Wives Club, The (1996)"
3.03125, 32, Eye for an Eye (1996)
3.0306122448979593, 98, I Know What You Did Last Summer (1997)
3.026315789473684, 38, "Howling, The (1981)"
3.0245098039215685, 204, Murder at 1600 (1997)
3.024390243902439, 41, 187 (1997)
3.0232558139534884, 86, First Knight (1995)
3.0224719101123596, 89, Four Rooms (1995)
3.022222222222222, 45, Junior (1994)
3.021505376344086, 93, Cliffhanger (1993)
3.018867924528302, 53, Barcelona (1994)
3.0136986301369864, 73, She's the One (1996)
3.0083333333333333, 120, "Net, The (1995)"
3.0, 69, Dumb & Dumber (1994)
3.0, 43, Renaissance Man (1994)
3.0, 40, Disclosure (1994)
3.0, 37, Romeo Is Bleeding (1993)
3.0, 34, Speechless (1994)
3.0, 34, "Adventures of Pinocchio, The (1996)"
3.0, 33, Clockers (1995)
3.0, 30, "Shaggy Dog, The (1959)"
3.0, 28, "Crossing Guard, The (1995)"
3.0, 24, Fools Rush In (1997)
3.0, 23, Jude (1996)
3.0, 19, Blink (1994)
3.0, 18, Robert A. Heinlein's The Puppet Masters (1994)
3.0, 18, "House of Yes, The (1997)"
3.0, 17, I'm Not Rappaport (1996)
3.0, 16, Balto (1995)
3.0, 12, Losing Isaiah (1995)
3.0, 11, Carried Away (1996)
3.0, 10, Lightning Jack (1994)
3.0, 10, "Browning Version, The (1994)"
3.0, 10, Warriors of Virtue (1997)
3.0, 9, U.S. Marshalls (1998)
3.0, 9, "Contempt (M?pris, Le) (1963)"
3.0, 8, City of Angels (1998)
3.0, 8, Rent-a-Kid (1995)
3.0, 8, Penny Serenade (1941)
3.0, 8, Jason's Lyric (1994)
3.0, 7, Denise Calls Up (1995)
3.0, 7, "Pompatus of Love, The (1996)"
3.0, 7, Faster Pussycat! Kill! Kill! (1965)
3.0, 6, "Secret Agent, The (1996)"
3.0, 6, Kissed (1996)
3.0, 6, Angel and the Badman (1947)
3.0, 5, Brother Minister: The Assassination of Malcolm X (1994)
3.0, 5, Above the Rim (1994)
3.0, 5, Prisoner of the Mountains (Kavkazsky Plennik) (1996)
3.0, 5, Romper Stomper (1992)
3.0, 4, Head Above Water (1996)
3.0, 4, Faces (1968)
3.0, 4, C'est arriv? pr?s de chez vous (1992)
3.0, 4, "Newton Boys, The (1998)"
3.0, 4, "Last Klezmer: Leopold Kozlowski, His Life and Music, The (1995)"
3.0, 4, The Innocent (1994)
3.0, 4, Germinal (1993)
3.0, 4, Mr. Wonderful (1993)
3.0, 4, "Enfer, L' (1994)"
3.0, 4, Schizopolis (1996)
3.0, 4, Love Serenade (1996)
3.0, 3, "Savage Nights (Nuits fauves, Les) (1992)"
3.0, 3, "Stranger, The (1994)"
3.0, 3, Mondo (1996)
3.0, 3, Fausto (1993)
3.0, 3, All Over Me (1997)
3.0, 3, Nightwatch (1997)
3.0, 2, Delta of Venus (1994)
3.0, 2, The Deadly Cure (1996)
3.0, 2, S.F.W. (1994)
3.0, 2, Tough and Deadly (1995)
3.0, 2, "Line King: Al Hirschfeld, The (1996)"
3.0, 2, New Jersey Drive (1995)
3.0, 2, "Good Man in Africa, A (1994)"
3.0, 2, "Scarlet Letter, The (1926)"
3.0, 2, "Show, The (1995)"
3.0, 2, Destiny Turns on the Radio (1995)
3.0, 2, Safe Passage (1994)
3.0, 2, Daniel Defoe's Robinson Crusoe (1996)
3.0, 2, Intimate Relations (1996)
3.0, 1, Fire on the Mountain (1996)
3.0, 1, Cyclo (1995)
3.0, 1, "Other Voices, Other Rooms (1997)"
3.0, 1, "Walk in the Sun, A (1945)"
3.0, 1, Paris Was a Woman (1995)
3.0, 1, Century (1993)
3.0, 1, Love Is All There Is (1996)
3.0, 1, Sleepover (1995)
3.0, 1, Three Lives and Only One Death (1996)
3.0, 1, Mad Dog Time (1996)
3.0, 1, "Fear, The (1995)"
3.0, 1, Johns (1996)
3.0, 1, Angela (1995)
3.0, 1, "Reluctant Debutante, The (1958)"
3.0, 1, All Things Fair (1996)
3.0, 1, "Wife, The (1995)"
3.0, 1, "Silence of the Palace, The (Saimt el Qusur) (1994)"
3.0, 1, Land and Freedom (Tierra y libertad) (1995)
3.0, 1, ? k÷ldum klaka (Cold Fever) (1994)
3.0, 1, Two Friends (1986) 
3.0, 1, Girls Town (1996)
3.0, 1, Normal Life (1996)
3.0, 1, "Eighth Day, The (1996)"
3.0, 1, Dadetown (1995)
3.0, 1, Hana-bi (1997)
3.0, 1, "Big One, The (1997)"
3.0, 1, Target (1995)
3.0, 1, "Next Step, The (1995)"
3.0, 1, Wedding Bell Blues (1996)
3.0, 1, Tainted (1998)
3.0, 1, Mirage (1995)
3.0, 1, "Sunchaser, The (1996)"
3.0, 1, Sweet Nothing (1995)
3.0, 1, B. Monkey (1998)
3.0, 1, You So Crazy (1994)
3.0, 1, Scream of Stone (Schrei aus Stein) (1991)
2.983050847457627, 59, Sirens (1994)
2.9782608695652173, 46, "Doors, The (1991)"
2.9767441860465116, 43, Tales From the Crypt Presents: Demon Knight (1995)
2.9766536964980546, 257, Evita (1996)
2.966666666666667, 30, FairyTale: A True Story (1997)
2.9642857142857144, 28, Escape to Witch Mountain (1975)
2.962962962962963, 81, Picture Perfect (1997)
2.961038961038961, 77, Reality Bites (1994)
2.955223880597015, 67, Private Benjamin (1980)
2.953488372093023, 43, Fire Down Below (1997)
2.953125, 128, Natural Born Killers (1994)
2.9430379746835444, 158, "Lost World: Jurassic Park, The (1997)"
2.9411764705882355, 17, Mute Witness (1994)
2.9375, 32, "Prophecy, The (1995)"
2.933333333333333, 15, Foxfire (1996)
2.9315068493150687, 73, Hoodlum (1997)
2.9310344827586206, 58, Nine Months (1995)
2.9310344827586206, 29, "Evening Star, The (1996)"
2.926829268292683, 41, Sphere (1998)
2.926470588235294, 68, "Preacher's Wife, The (1996)"
2.925, 40, First Kid (1996)
2.923076923076923, 52, "Man Who Knew Too Little, The (1997)"
2.923076923076923, 39, Angels in the Outfield (1994)
2.923076923076923, 13, Palookaville (1996)
2.923076923076923, 13, Kicking and Screaming (1995)
2.92, 50, Body Snatchers (1993)
2.9184549356223175, 233, Dante's Peak (1997)
2.9166666666666665, 36, Metro (1997)
2.9158878504672896, 107, 101 Dalmatians (1996)
2.909090909090909, 66, Tommy Boy (1995)
2.909090909090909, 11, "Truman Show, The (1998)"
2.909090909090909, 11, "Davy Crockett, King of the Wild Frontier (1955)"
2.9069767441860463, 43, Rising Sun (1993)
2.9069767441860463, 43, Shadow Conspiracy (1997)
2.906832298136646, 161, "Nutty Professor, The (1996)"
2.9, 30, Georgia (1995)
2.9, 20, "Goofy Movie, A (1995)"
2.8984375, 128, Father of the Bride Part II (1995)
2.8974358974358974, 39, Judge Dredd (1995)
2.8958333333333335, 48, Cat People (1982)
2.8947368421052633, 57, "To Wong Foo, Thanks for Everything! Julie Newmar (1995)"
2.888888888888889, 45, "Shadow, The (1994)"
2.888888888888889, 9, Wild America (1997)
2.8870967741935485, 62, Money Talks (1997)
2.88, 25, "Relic, The (1997)"
2.88, 25, "Smile Like Yours, A (1997)"
2.8780487804878048, 82, Mulholland Falls (1996)
2.876923076923077, 65, Diabolique (1996)
2.875, 16, Bastard Out of Carolina (1996)
2.875, 16, Party Girl (1995)
2.875, 16, Little Big League (1994)
2.875, 8, Jimmy Hollywood (1994)
2.875, 8, Bhaji on the Beach (1993)
2.871794871794872, 39, Assassins (1995)
2.869565217391304, 46, Mortal Kombat (1995)
2.869565217391304, 23, Cemetery Man (Dellamorte Dellamore) (1994)
2.8666666666666667, 45, Species (1995)
2.8636363636363638, 22, Blood & Wine (1997)
2.857142857142857, 7, Love and Other Catastrophes (1996)
2.857142857142857, 7, "Swan Princess, The (1994)"
2.8536585365853657, 41, Tank Girl (1995)
2.8518518518518516, 216, Mars Attacks! (1996)
2.85, 20, Kiss of Death (1995)
2.8484848484848486, 132, Multiplicity (1996)
2.8461538461538463, 26, Aladdin and the King of Thieves (1996)
2.8461538461538463, 26, Before and After (1996)
2.84375, 32, "Transformers: The Movie, The (1986)"
2.84, 25, "Apple Dumpling Gang, The (1975)"
2.84, 25, In the Mouth of Madness (1995)
2.838709677419355, 31, Threesome (1994)
2.838709677419355, 31, "Program, The (1993)"
2.8333333333333335, 30, Cats Don't Dance (1997)
2.8333333333333335, 24, Houseguest (1994)
2.8333333333333335, 18, Firestorm (1998)
2.8333333333333335, 12, For Love or Money (1993)
2.8333333333333335, 12, Love Affair (1994)
2.8333333333333335, 12, Shiloh (1997)
2.8333333333333335, 6, Flesh and Bone (1993)
2.8333333333333335, 6, Nina Takes a Lover (1994)
2.830188679245283, 53, Serial Mom (1994)
2.83, 100, Alien 3 (1992)
2.8275862068965516, 29, Deceiver (1997)
2.8260869565217392, 23, Until the End of the World (Bis ans Ende der Welt) (1991)
2.823529411764706, 17, Switchback (1997)
2.8205128205128207, 39, "Indian in the Cupboard, The (1995)"
2.8205128205128207, 39, Mary Reilly (1996)
2.817073170731707, 82, "Juror, The (1996)"
2.8160919540229883, 87, Addams Family Values (1993)
2.8125, 32, Boomerang (1992)
2.8125, 16, "Air Up There, The (1994)"
2.808219178082192, 219, Volcano (1997)
2.803921568627451, 102, Waterworld (1995)
2.8026315789473686, 76, "Brady Bunch Movie, The (1995)"
2.8, 35, Wes Craven's New Nightmare (1994)
2.8, 20, Maximum Risk (1996)
2.8, 15, Cobb (1994)
2.8, 10, "White Balloon, The (1995)"
2.8, 10, Clean Slate (1994)
2.8, 10, "Amazing Panda Adventure, The (1995)"
2.8, 5, Midnight Dancers (Sibak) (1994)
2.8, 5, Roseanna's Grave (For Roseanna) (1997)
2.8, 5, Drunks (1995)
2.8, 5, Carpool (1996)
2.8, 5, Race the Sun (1996)
2.8, 5, Underground (1995)
2.793103448275862, 29, Hard Rain (1998)
2.7884615384615383, 156, Beavis and Butt-head Do America (1996)
2.784313725490196, 51, She's So Lovely (1997)
2.782608695652174, 69, Naked Gun 33 1/3: The Final Insult (1994)
2.78125, 32, Homeward Bound II: Lost in San Francisco (1996)
2.78, 50, "Love Bug, The (1969)"
2.7777777777777777, 9, Poetic Justice (1993)
2.7777777777777777, 9, Touch (1997)
2.774193548387097, 93, Space Jam (1996)
2.772727272727273, 44, Young Guns II (1990)
2.772727272727273, 22, Oliver & Company (1988)
2.7719298245614037, 57, Daylight (1996)
2.769230769230769, 26, Something to Talk About (1995)
2.764705882352941, 68, Hot Shots! Part Deux (1993)
2.761904761904762, 21, How to Be a Player (1997)
2.76, 25, Girl 6 (1996)
2.7586206896551726, 29, Blown Away (1994)
2.7586206896551726, 29, If Lucy Fell (1996)
2.7551020408163267, 49, "Great White Hype, The (1996)"
2.7547169811320753, 53, Flubber (1997)
2.75, 48, "Glimmer Man, The (1996)"
2.75, 32, Don't Be a Menace to South Central While Drinking Your Juice in the Hood (1996)
2.75, 24, Drop Dead Fred (1991)
2.75, 16, Exit to Eden (1994)
2.75, 8, Curdled (1996)
2.75, 8, Street Fighter (1994)
2.75, 8, Reckless (1995)
2.75, 4, In the Line of Duty 2 (1987)
2.75, 4, Total Eclipse (1995)
2.75, 4, "Ballad of Narayama, The (Narayama Bushiko) (1958)"
2.75, 4, "Forbidden Christ, The (Cristo proibito, Il) (1950)"
2.75, 4, "Ciao, Professore! (1993)"
2.75, 4, Caro Diario (Dear Diary) (1994)
2.75, 4, Harlem (1993)
2.75, 4, Ladybird Ladybird (1994)
2.75, 4, "Underneath, The (1995)"
2.75, 4, Clean Slate (Coup de Torchon) (1981)
2.75, 4, Across the Sea of Time (1995)
2.746987951807229, 83, Muppet Treasure Island (1996)
2.7457627118644066, 59, Last Action Hero (1993)
2.740740740740741, 27, Blues Brothers 2000 (1998)
2.739130434782609, 23, "Fog, The (1980)"
2.736842105263158, 38, Virtuosity (1995)
2.7333333333333334, 15, Color of Night (1994)
2.72972972972973, 37, Milk Money (1994)
2.7291666666666665, 96, Mimic (1997)
2.727272727272727, 22, "Kid in King Arthur's Court, A (1995)"
2.727272727272727, 11, Wild Things (1998)
2.7222222222222223, 18, Dead Presidents (1995)
2.7222222222222223, 18, "Little Rascals, The (1994)"
2.721311475409836, 61, Candyman (1992)
2.7209302325581395, 43, Pete's Dragon (1977)
2.717948717948718, 39, Harriet the Spy (1996)
2.717391304347826, 46, "Blob, The (1958)"
2.7169811320754715, 53, Days of Thunder (1990)
2.7142857142857144, 7, "Doom Generation, The (1995)"
2.7142857142857144, 7, North (1994)
2.7142857142857144, 7, "Horse Whisperer, The (1998)"
2.7142857142857144, 7, Hurricane Streets (1998)
2.7111111111111112, 45, Sudden Death (1995)
2.702970297029703, 101, Down Periscope (1996)
2.701492537313433, 67, Wolf (1994)
2.7, 80, Chain Reaction (1996)
2.7, 40, Eddie (1996)
2.7, 40, Hard Target (1993)
2.7, 20, Village of the Damned (1995)
2.7, 20, "Prophecy II, The (1998)"
2.693877551020408, 49, "Substitute, The (1996)"
2.6923076923076925, 13, Alaska (1996)
2.6923076923076925, 13, Heidi Fleiss: Hollywood Madam (1995) 
2.6875, 16, Gang Related (1997)
2.685185185185185, 162, George of the Jungle (1997)
2.6842105263157894, 19, Amos & Andrew (1993)
2.6842105263157894, 19, Out to Sea (1997)
2.683098591549296, 142, Batman Returns (1992)
2.682926829268293, 41, Kull the Conqueror (1997)
2.68, 25, Judgment Night (1993)
2.68, 25, "Portrait of a Lady, The (1996)"
2.676470588235294, 34, Terminal Velocity (1994)
2.675675675675676, 37, Ace Ventura: When Nature Calls (1995)
2.6666666666666665, 114, Batman Forever (1995)
2.6666666666666665, 66, Jaws 2 (1978)
2.6666666666666665, 45, Screamers (1995)
2.6666666666666665, 15, April Fool's Day (1986)
2.6666666666666665, 12, "Scout, The (1994)"
2.6666666666666665, 9, Blue Chips (1994)
2.6666666666666665, 6, "Van, The (1996)"
2.6666666666666665, 6, Bad Moon (1996)
2.6666666666666665, 6, Infinity (1996)
2.6666666666666665, 6, Tetsuo II: Body Hammer (1992)
2.6666666666666665, 6, Bent (1997)
2.6666666666666665, 3, "Wooden Man's Bride, The (Wu Kui) (1994)"
2.6666666666666665, 3, Ed's Next Move (1996)
2.6666666666666665, 3, For the Moment (1994)
2.6666666666666665, 3, "Search for One-eye Jimmy, The (1996)"
2.6666666666666665, 3, I Can't Sleep (J'ai pas sommeil) (1994)
2.6666666666666665, 3, Frisk (1995)
2.6666666666666665, 3, Commandments (1997)
2.6666666666666665, 3, "Jerky Boys, The (1994)"
2.6666666666666665, 3, It Takes Two (1995)
2.6666666666666665, 3, "Shooter, The (1995)"
2.659340659340659, 91, Bean (1997)
2.6470588235294117, 51, Last Man Standing (1996)
2.6470588235294117, 34, Fled (1996)
2.642857142857143, 14, "Perez Family, The (1995)"
2.642857142857143, 14, Angus (1995)
2.6363636363636362, 55, Tales from the Crypt Presents: Bordello of Blood (1996)
2.6363636363636362, 11, American Buffalo (1996)
2.6346153846153846, 52, Black Sheep (1996)
2.6341463414634148, 41, Johnny Mnemonic (1995)
2.6315789473684212, 19, Fatal Instinct (1993)
2.627906976744186, 43, Playing God (1997)
2.625, 32, Feeling Minnesota (1996)
2.625, 8, Female Perversions (1996)
2.625, 8, What Happened Was... (1994)
2.6206896551724137, 29, High School High (1996)
2.6166666666666667, 60, Weekend at Bernie's (1989)
2.606060606060606, 33, Hackers (1995)
2.6, 25, Two if by Sea (1996)
2.6, 15, Miami Rhapsody (1995)
2.6, 10, I'll Do Anything (1994)
2.6, 10, Little Odessa (1994)
2.6, 5, 1-900 (1994)
2.6, 5, Gumby: The Movie (1995)
2.6, 5, "Old Lady Who Walked in the Sea, The (Vieille qui marchait dans la mer, La) (1991)"
2.6, 5, "Secret Adventures of Tom Thumb, The (1993)"
2.6, 5, Sliding Doors (1998)
2.5892857142857144, 56, Robin Hood: Men in Tights (1993)
2.5833333333333335, 12, Striking Distance (1993)
2.5806451612903225, 31, Fathers' Day (1997)
2.5789473684210527, 19, D3: The Mighty Ducks (1996)
2.575, 80, "Phantom, The (1996)"
2.572463768115942, 138, Spawn (1997)
2.5714285714285716, 28, Barbarella (1968)
2.5714285714285716, 7, Kicked in the Head (1997)
2.5714285714285716, 7, Bliss (1997)
2.5714285714285716, 7, "Steal Big, Steal Little (1995)"
2.5714285714285716, 7, Moonlight and Valentino (1995)
2.5675675675675675, 74, Sgt. Bilko (1996)
2.5625, 16, Cabin Boy (1994)
2.558139534883721, 43, Air Bud (1997)
2.5576923076923075, 52, "Amityville Horror, The (1979)"
2.557377049180328, 122, Event Horizon (1997)
2.5555555555555554, 9, Heaven & Earth (1993)
2.5511811023622046, 127, Crash (1996)
2.5483870967741935, 31, Drop Zone (1994)
2.5454545454545454, 44, City Slickers II: The Legend of Curly's Gold (1994)
2.5454545454545454, 22, Bogus (1996)
2.5384615384615383, 52, Excess Baggage (1997)
2.533333333333333, 15, Mixed Nuts (1994)
2.5294117647058822, 51, Pocahontas (1995)
2.526315789473684, 19, Flipper (1996)
2.5217391304347827, 23, Trial and Error (1997)
2.52, 25, House Arrest (1996)
2.5185185185185186, 27, Heaven's Prisoners (1996)
2.5185185185185186, 27, Made in America (1993)
2.5185185185185186, 27, "Quest, The (1996)"
2.5161290322580645, 31, Operation Dumbo Drop (1995)
2.511627906976744, 43, Money Train (1995)
2.511627906976744, 43, Spy Hard (1996)
2.5, 28, Another Stakeout (1993)
2.5, 22, Marked for Death (1990)
2.5, 20, Candyman: Farewell to the Flesh (1995)
2.5, 16, Waiting to Exhale (1995)
2.5, 16, Madonna: Truth or Dare (1991)
2.5, 14, "Big Green, The (1995)"
2.5, 12, Dear God (1996)
2.5, 12, Wild Bill (1995)
2.5, 10, "Baby-Sitters Club, The (1995)"
2.5, 10, Shooting Fish (1997)
2.5, 10, I Love Trouble (1994)
2.5, 10, Unhook the Stars (1996)
2.5, 10, "Low Down Dirty Shame, A (1994)"
2.5, 10, "Endless Summer 2, The (1994)"
2.5, 8, Sunset Park (1996)
2.5, 6, Albino Alligator (1996)
2.5, 6, City of Industry (1997)
2.5, 4, An Unforgettable Summer (1994)
2.5, 4, Underworld (1997)
2.5, 4, Frankie Starlight (1995)
2.5, 4, Twilight (1998)
2.5, 4, "Lay of the Land, The (1997)"
2.5, 4, Loch Ness (1995)
2.5, 4, Killer (Bulletproof Heart) (1994)
2.5, 2, New York Cop (1996)
2.5, 2, Open Season (1996)
2.5, 2, "Convent, The (Convento, O) (1995)"
2.5, 2, "Turning, The (1992)"
2.5, 2, Mr. Jones (1993)
2.5, 2, "Outlaw, The (1943)"
2.5, 2, Spirits of the Dead (Tre passi nel delirio) (1968)
2.5, 2, American Dream (1990)
2.5, 2, Love and Death on Long Island (1997)
2.5, 2, Rough Magic (1995)
2.4871794871794872, 39, Son in Law (1993)
2.477272727272727, 44, Mouse Hunt (1997)
2.473684210526316, 19, Major Payne (1994)
2.473684210526316, 19, That Darn Cat! (1965)
2.4722222222222223, 36, That Darn Cat! (1997)
2.46875, 64, "Lawnmower Man, The (1992)"
2.4615384615384617, 91, Escape from L.A. (1996)
2.4583333333333335, 48, Under Siege 2: Dark Territory (1995)
2.4545454545454546, 33, Free Willy (1993)
2.4545454545454546, 22, Turbulence (1997)
2.4545454545454546, 11, Surviving the Game (1994)
2.4523809523809526, 42, Congo (1995)
2.4516129032258065, 62, Batman & Robin (1997)
2.4489795918367347, 49, Thinner (1996)
2.4444444444444446, 27, Wishmaster (1997)
2.4444444444444446, 18, Cutthroat Island (1995)
2.4444444444444446, 9, Burnt Offerings (1976)
2.4444444444444446, 9, "Next Karate Kid, The (1994)"
2.4444444444444446, 9, Hideaway (1995)
2.435114503816794, 131, Jungle2Jungle (1997)
2.4285714285714284, 21, "Funeral, The (1996)"
2.4285714285714284, 21, Richie Rich (1994)
2.4285714285714284, 14, For Richer or Poorer (1997)
2.4285714285714284, 14, Deep Rising (1998)
2.4285714285714284, 14, Fluke (1995)
2.4285714285714284, 7, Swept from the Sea (1997)
2.4285714285714284, 7, Stranger in the House (1997)
2.4285714285714284, 7, Two Much (1996)
2.4285714285714284, 7, National Lampoon's Senior Trip (1995)
2.4285714285714284, 7, "Pyromaniac's Love Story, A (1995)"
2.4285714285714284, 7, Trial by Jury (1994)
2.4285714285714284, 7, Senseless (1998)
2.4285714285714284, 7, "Tie That Binds, The (1995)"
2.4166666666666665, 24, Lord of Illusions (1995)
2.4166666666666665, 12, "Thin Line Between Love and Hate, A (1996)"
2.413793103448276, 29, Stephen King's The Langoliers (1995)
2.4081632653061225, 49, Rocket Man (1997)
2.4074074074074074, 27, Canadian Bacon (1994)
2.4054054054054053, 37, Sliver (1993)
2.4027777777777777, 72, Vegas Vacation (1997)
2.4, 15, "Rich Man's Wife, The (1996)"
2.4, 5, Dingo (1992)
2.4, 5, No Escape (1994)
2.4, 5, Panther (1995)
2.4, 5, "Scarlet Letter, The (1995)"
2.4, 5, Loaded (1994)
2.4, 5, Feast of July (1995)
2.4, 5, Blood For Dracula (Andy Warhol's Dracula) (1974)
2.4, 5, Heavy (1995)
2.3968253968253967, 63, Star Trek V: The Final Frontier (1989)
2.392857142857143, 28, Beverly Hills Cop III (1994)
2.388888888888889, 18, Half Baked (1998)
2.380434782608696, 92, "Very Brady Sequel, A (1996)"
2.375, 8, "Awfully Big Adventure, An (1995)"
2.375, 8, Chairman of the Board (1998)
2.3529411764705883, 102, "Cable Guy, The (1996)"
2.34375, 32, Airheads (1994)
2.3333333333333335, 18, "Getaway, The (1994)"
2.3333333333333335, 9, 'Til There Was You (1997)
2.3333333333333335, 9, Larger Than Life (1996)
2.3333333333333335, 6, Hollow Reed (1996)
2.3333333333333335, 6, Metisse (Caf? au Lait) (1993)
2.3333333333333335, 3, Nosferatu a Venezia (1986)
2.3333333333333335, 3, I Like It Like That (1994)
2.3333333333333335, 3, Ill Gotten Gains (1997)
2.3333333333333335, 3, "Stars Fell on Henrietta, The (1995)"
2.3333333333333335, 3, Last Summer in the Hamptons (1995)
2.3333333333333335, 3, "Babysitter, The (1995)"
2.3333333333333335, 3, Captives (1994)
2.3333333333333335, 3, Nowhere (1997)
2.3333333333333335, 3, "Paris, France (1993)"
2.3181818181818183, 22, "Pallbearer, The (1996)"
2.3125, 48, Beverly Hills Ninja (1997)
2.3076923076923075, 13, Cops and Robbersons (1994)
2.3058823529411763, 85, "Beautician and the Beast, The (1997)"
2.3043478260869565, 23, Mr. Wrong (1996)
2.2941176470588234, 17, Jade (1995)
2.2941176470588234, 17, "Road to Wellville, The (1994)"
2.2857142857142856, 14, Celtic Pride (1996)
2.2857142857142856, 7, Life with Mikey (1993)
2.2857142857142856, 7, "Last Time I Committed Suicide, The (1997)"
2.2857142857142856, 7, Lassie (1994)
2.2777777777777777, 18, In the Army Now (1994)
2.272727272727273, 22, Dracula: Dead and Loving It (1995)
2.272727272727273, 11, "NeverEnding Story III, The (1994)"
2.272727272727273, 11, Herbie Rides Again (1974)
2.272727272727273, 11, Mighty Morphin Power Rangers: The Movie (1995)
2.27027027027027, 37, Anaconda (1997)
2.25, 20, "Specialist, The (1994)"
2.25, 20, "Beverly Hillbillies, The (1993)"
2.25, 16, "Believers, The (1987)"
2.25, 12, "Pagemaster, The (1994)"
2.25, 8, Broken English (1996)
2.25, 8, Nadja (1994)
2.25, 4, Suture (1993)
2.25, 4, "Big Squeeze, The (1996)"
2.25, 4, "Walking Dead, The (1995)"
2.25, 4, Buddy (1997)
2.25, 4, Two Deaths (1995)
2.2444444444444445, 45, Joe's Apartment (1996)
2.24, 25, Keys to Tulsa (1997)
2.2388059701492535, 67, Striptease (1996)
2.230769230769231, 13, Phantoms (1998)
2.230769230769231, 13, Double Team (1997)
2.2222222222222223, 9, Bad Company (1995)
2.2195121951219514, 41, Coneheads (1993)
2.210526315789474, 19, "Cowboy Way, The (1994)"
2.2, 25, Halloween: The Curse of Michael Myers (1995)
2.2, 15, Boxing Helena (1993)
2.2, 5, Rhyme & Reason (1997)
2.2, 5, Chasers (1994)
2.2, 5, Two Bits (1995)
2.1884057971014492, 69, McHale's Navy (1997)
2.1818181818181817, 11, Fair Game (1995)
2.1818181818181817, 11, Free Willy 2: The Adventure Home (1995)
2.1818181818181817, 11, "Addiction, The (1995)"
2.1702127659574466, 47, Booty Call (1997)
2.1666666666666665, 12, Audrey Rose (1977)
2.1666666666666665, 6, Zeus and Roxanne (1997)
2.1666666666666665, 6, Twin Town (1997)
2.1666666666666665, 6, Blood Beach (1981)
2.1666666666666665, 6, Guilty as Sin (1993)
2.1607142857142856, 56, "Island of Dr. Moreau, The (1996)"
2.1578947368421053, 19, Steel (1997)
2.1538461538461537, 13, Poison Ivy II (1995)
2.1538461538461537, 13, Heavyweights (1994)
2.1538461538461537, 13, Mad Love (1995)
2.15, 20, Kansas City (1996)
2.142857142857143, 7, Jack and Sarah (1995)
2.142857142857143, 7, Original Gangstas (1996)
2.142857142857143, 7, Meet Wally Sparks (1997)
2.1315789473684212, 38, Speed 2: Cruise Control (1997)
2.125, 16, Stuart Saves His Family (1995)
2.125, 16, Highlander III: The Sorcerer (1994)
2.1153846153846154, 26, Spice World (1997)
2.111111111111111, 18, Jingle All the Way (1996)
2.111111111111111, 9, Stag (1997)
2.111111111111111, 9, Man of the House (1995)
2.076923076923077, 26, Super Mario Bros. (1993)
2.064516129032258, 31, "Flintstones, The (1994)"
2.037037037037037, 27, Tales from the Hood (1995)
2.0, 24, Grease 2 (1982)
2.0, 18, Hellraiser: Bloodline (1996)
2.0, 17, "Stupids, The (1996)"
2.0, 14, Jury Duty (1995)
2.0, 10, White Man's Burden (1995)
2.0, 9, House Party 3 (1994)
2.0, 9, In the Realm of the Senses (Ai no corrida) (1976)
2.0, 6, "Second Jungle Book: Mowgli & Baloo, The (1997)"
2.0, 5, Even Cowgirls Get the Blues (1993)
2.0, 5, Jefferson in Paris (1995)
2.0, 5, "Locusts, The (1997)"
2.0, 4, Pie in the Sky (1995)
2.0, 4, "Journey of August King, The (1995)"
2.0, 4, Nil By Mouth (1997)
2.0, 4, "Bonheur, Le (1965)"
2.0, 3, Calendar Girl (1993)
2.0, 3, Sprung (1997)
2.0, 3, For Ever Mozart (1996)
2.0, 3, "Hunted, The (1995)"
2.0, 3, Lover's Knot (1996)
2.0, 3, Fall (1997)
2.0, 3, "Truth or Consequences, N.M. (1997)"
2.0, 2, "Innocent Sleep, The (1995)"
2.0, 2, Pushing Hands (1992)
2.0, 2, Foreign Student (1994)
2.0, 2, "Day the Sun Turned Cold, The (Tianguo niezi) (1994)"
2.0, 2, "Glass Shield, The (1994)"
2.0, 2, Condition Red (1995)
2.0, 2, My Life and Times With Antonin Artaud (En compagnie d'Antonin Artaud) (1993)
2.0, 2, "Collectionneuse, La (1967)"
2.0, 2, Salut cousin! (1996)
2.0, 2, "To Have, or Not (1995)"
2.0, 2, Vermin (1998)
2.0, 2, American Strays (1996)
2.0, 2, Men of Means (1998)
2.0, 2, Kika (1993)
2.0, 1, Raw Deal (1948)
2.0, 1, Angel on My Shoulder (1946)
2.0, 1, Here Comes Cookie (1935)
2.0, 1, Shopping (1994)
2.0, 1, Nemesis 2: Nebula (1995)
2.0, 1, Hush (1998)
2.0, 1, Coldblooded (1995)
2.0, 1, Etz Hadomim Tafus (Under the Domin Tree) (1994)
2.0, 1, "Niagara, Niagara (1997)"
2.0, 1, "Favor, The (1994)"
2.0, 1, Small Faces (1995)
2.0, 1, Nothing Personal (1995)
2.0, 1, "Brother's Kiss, A (1997)"
2.0, 1, Ripe (1996)
2.0, 1, MURDER and murder (1996)
2.0, 1, "War at Home, The (1996)"
1.9565217391304348, 23, Showgirls (1995)
1.9534883720930232, 43, Mortal Kombat: Annihilation (1997)
1.9487179487179487, 39, "Crow: City of Angels, The (1996)"
1.9375, 16, Jaws 3-D (1983)
1.9333333333333333, 30, Barb Wire (1996)
1.9166666666666667, 12, Mr. Magoo (1997)
1.903225806451613, 31, Bio-Dome (1996)
1.894736842105263, 19, Home Alone 3 (1997)
1.875, 8, "Pest, The (1997)"
1.8666666666666667, 15, All Dogs Go to Heaven 2 (1996)
1.8571428571428572, 14, Big Bully (1996)
1.8571428571428572, 7, Dunston Checks In (1996)
1.8333333333333333, 18, Ready to Wear (Pret-A-Porter) (1994)
1.8333333333333333, 12, Solo (1996)
1.8333333333333333, 12, Vampire in Brooklyn (1995)
1.8333333333333333, 6, Bad Girls (1994)
1.8181818181818181, 11, Gone Fishin' (1997)
1.813953488372093, 43, Leave It to Beaver (1997)
1.8, 5, Talking About Sex (1994)
1.8, 5, Turbo: A Power Rangers Movie (1997)
1.75, 8, Dangerous Ground (1997)
1.75, 4, "Designated Mourner, The (1997)"
1.75, 4, "Neon Bible, The (1995)"
1.75, 4, Being Human (1993)
1.7407407407407407, 27, Free Willy 3: The Rescue (1997)
1.7272727272727273, 11, Robocop 3 (1993)
1.7142857142857142, 21, Lawnmower Man 2: Beyond Cyberspace (1996)
1.7, 10, Bloodsport 2 (1995)
1.6666666666666667, 9, Kazaam (1996)
1.6666666666666667, 6, Land Before Time III: The Time of the Great Giving (1995) (V)
1.6666666666666667, 3, B*A*P*S (1997)
1.6666666666666667, 3, Squeeze (1996)
1.6666666666666667, 3, Relative Fear (1994)
1.6666666666666667, 3, Temptress Moon (Feng Yue) (1996)
1.6666666666666667, 3, "Simple Wish, A (1997)"
1.6428571428571428, 14, Amityville II: The Possession (1982)
1.6153846153846154, 13, Body Parts (1991)
1.6, 5, Phat Beach (1996)
1.6, 5, Getting Even with Dad (1994)
1.5714285714285714, 7, Bushwhacked (1995)
1.5, 6, Best of the Best 3: No Turning Back (1995)
1.5, 2, Time Tracers (1995)
1.5, 2, "Machine, The (1994)"
1.5, 2, Dream Man (1995)
1.5, 2, Crows and Sparrows (1949)
1.5, 2, Johnny 100 Pesos (1993)
1.5, 2, Country Life (1994)
1.5, 2, Sudden Manhattan (1996)
1.5, 2, Naked in New York (1994)
1.5, 2, Carmen Miranda: Bananas Is My Business (1994)
1.5, 2, "Sexual Life of the Belgians, The (1994)"
1.4, 5, Theodore Rex (1995)
1.3333333333333333, 6, Ed (1996)
1.3333333333333333, 3, Catwalk (1995)
1.3333333333333333, 3, Gilligan's Island: The Movie (1998)
1.3157894736842106, 19, Children of the Corn: The Gathering (1996)
1.25, 4, Castle Freak (1995)
1.25, 4, "Amityville Curse, The (1990)"
1.1666666666666667, 6, Amityville 3-D (1983)
1.0, 5, Amityville 1992: It's About Time (1992)
1.0, 5, Amityville: A New Generation (1993)
1.0, 5, 3 Ninjas: High Noon At Mega Mountain (1998)
1.0, 3, Amityville: Dollhouse (1996)
1.0, 3, Gordy (1995)
1.0, 3, "Mighty, The (1998)"
1.0, 2, Falling in Love Again (1980)
1.0, 2, Boys in Venice (1996)
1.0, 2, Venice/Venice (1992)
1.0, 2, Beyond Bedlam (1993)
1.0, 2, Somebody to Love (1994)
1.0, 2, Babyfever (1994)
1.0, 1, "Death in the Garden (Mort en ce jardin, La) (1956)"
1.0, 1, Daens (1992)
1.0, 1, Wend Kuuni (God's Gift) (1982)
1.0, 1, Office Killer (1997)
1.0, 1, "Mostro, Il (1994)"
1.0, 1, "Promise, The (Versprechen, Das) (1994)"
1.0, 1, Tigrero: A Film That Was Never Made (1994)
1.0, 1, Pharaoh's Army (1995)
1.0, 1, "Man from Down Under, The (1943)"
1.0, 1, Girl in the Cadillac (1995)
1.0, 1, Baton Rouge (1988)
1.0, 1, Liebelei (1933)
1.0, 1, "Woman in Question, The (1950)"
1.0, 1, August (1996)
1.0, 1, King of New York (1990)
1.0, 1, Careful (1992)
1.0, 1, Power 98 (1995)
1.0, 1, Butterfly Kiss (1995)
1.0, 1, Every Other Weekend (1990)
1.0, 1, To Cross the Rubicon (1991)
1.0, 1, Nobody Loves Me (Keiner liebt mich) (1994)
1.0, 1, "Leopard Son, The (1996)"
1.0, 1, Yankee Zulu (1994)
1.0, 1, T-Men (1947)
1.0, 1, Shadow of Angels (Schatten der Engel) (1976)
1.0, 1, "Hungarian Fairy Tale, A (1987)"
1.0, 1, Police Story 4: Project S (Chao ji ji hua) (1993)
1.0, 1, "I, Worst of All (Yo, la peor de todas) (1990)"
1.0, 1, "Invitation, The (Zaproszenie) (1986)"
1.0, 1, Stefano Quantestorie (1993)
1.0, 1, "Symphonie pastorale, La (1946)"
1.0, 1, "Low Life, The (1994)"
1.0, 1, Vermont Is For Lovers (1992)
1.0, 1, Homage (1995)
1.0, 1, "Vie est belle, La (Life is Rosey) (1987)"
1.0, 1, Quartier Mozart (1992)
1.0, 1, Good Morning (1971)
1.0, 1, "Very Natural Thing, A (1974)"
1.0, 1, Getting Away With Murder (1996)
1.0, 1, "New Age, The (1994)"
1.0, 1, "Crude Oasis, The (1995)"
1.0, 1, Hostile Intentions (1994)
1.0, 1, Bird of Prey (1996)
1.0, 1, Shadows (Cienie) (1988)
1.0, 1, Mille bolle blu (1993)
1.0, 1, "Modern Affair, A (1995)"
1.0, 1, "Eye of Vichy, The (Oeil de Vichy, L') (1993)"
1.0, 1, "Further Gesture, A (1996)"
1.0, 1, The Courtyard (1995)
1.0, 1, Hedd Wyn (1992)
1.0, 1, JLG/JLG - autoportrait de d?cembre (1994)
1.0, 1, Touki Bouki (Journey of the Hyena) (1973)
1.0, 1, Mat' i syn (1997)
1.0, 1, "Bloody Child, The (1996)"
1.0, 1, Lotto Land (1995)
1.0, 1, Lashou shentan (1992)
1.0, 1, Terror in a Texas Town (1958)
0.0, 0, Body Snatchers (1993)
0.0, 0, Fly Away Home (1996)
0.0, 0, Nightwatch (1997)
0.0, 0, "Ice Storm, The (1997)"
0.0, 0, Sliding Doors (1998)
0.0, 0, Chairman of the Board (1998)
0.0, 0, Money Talks (1997)
0.0, 0, Chasing Amy (1997)
0.0, 0, Ulee's Gold (1997)
0.0, 0, That Darn Cat! (1997)
0.0, 0, "Substance of Fire, The (1996)"
0.0, 0, Hurricane Streets (1998)
0.0, 0, "Butcher Boy, The (1998)"
0.0, 0, Kull the Conqueror (1997)
0.0, 0, "Designated Mourner, The (1997)"
0.0, 0, Desperate Measures (1998)
0.0, 0, Deceiver (1997)
0.0, 0, Hugo Pool (1997)
